segment,cost_model,book,gross_return_contribution,transaction_cost,borrow_cost,net_return_arithmetic,annualized_arithmetic_expectancy,average_gross_exposure,sessions,total_return,cagr,annual_volatility,sharpe,max_drawdown,positive_day_rate
train,baseline,long,0.22463074144919354,0.0003210545794215299,0.0,0.22430968686977198,0.024934292497213295,0.5586651877740015,2267,0.24915510691641707,0.025037814992467045,0.020179959450953217,1.235596759141927,-0.051892692600626344,0.5615350683722982
train,baseline,short,9.924935708143649e-05,4.733523952588465e-05,0.004584023738104622,-0.004532109620549071,-0.0005037898651867516,0.05086840427889641,2267,-0.00452201155068388,-0.0005036804446399978,0.00018424370233082921,-2.7343668131578425,-0.004522011552637317,0.30877812086457873
development,baseline,long,0.15020127940221517,0.0003706291411649386,0.0,0.14983065026105027,0.03749485984685667,0.6172338549930868,1007,0.1580300961177601,0.03739889446330591,0.03933126264788353,0.9533093351854117,-0.09644596667762051,0.5898709036742801
development,baseline,short,-0.002705724229787141,0.00012200879729717013,0.0024609656871543194,-0.00528869871423863,-0.001323487662351673,0.061792075502822806,1007,-0.005291849812860128,-0.0013269114390197512,0.0029346029837574814,-0.4509937697456684,-0.008167830910119411,0.42800397219463754
locked_test,baseline,long,0.030544265183712782,0.0002108653463407043,0.0,0.03033339983737207,0.0076059868248932955,0.64042672625789,1005,0.027471044125022992,0.006818486514894806,0.04028646747870923,0.1887975615859827,-0.1143515996414105,0.5164179104477612
locked_test,baseline,short,-0.002490186882563766,0.00016165920508447184,0.004567141693387787,-0.007218987781036026,-0.0018101342495732127,0.11406019003763672,1005,-0.007219467883165409,-0.001815171373009794,0.0036568084901120066,-0.4950038413189554,-0.009745220515949948,0.40696517412935324
locked_2022,baseline,long,-0.09118556163688346,4.3105661896989165e-05,0.0,-0.09122866729878046,-0.09159212812467202,0.5974798854975789,251,-0.0888433342394298,-0.08918101827768876,0.06016357958215309,-1.5223849505098577,-0.11074647464049459,0.44621513944223107
locked_2022,baseline,short,0.001477430089001995,4.5343988882551355e-05,0.0021494793353013996,-0.0007173932351819574,-0.0007202513755611685,0.21525475667327085,251,-0.0007335307471272312,-0.0007364521040028604,0.005750784240247613,-0.12524402680949068,-0.0066468888580982766,0.50199203187251
train,state_dependent,long,0.22463074144919354,0.00046052240274253484,0.0,0.224170219046451,0.02491878923674709,0.5586651877740015,2267,0.24898083235209967,0.025021917322572307,0.020180341599411428,1.2348051252746812,-0.05189285430541424,0.5615350683722982
train,state_dependent,short,9.924935708143649e-05,7.019576033081002e-05,0.005386294930009028,-0.0053572413332584005,-0.0005955116082845686,0.05086840427889641,2267,-0.005343079754052127,-0.0005953525149282601,0.00018710038212309277,-3.1828454946328404,-0.0053430797559765875,0.3078958976621085
development,state_dependent,long,0.15020127940221517,0.00045742762711619073,0.0,0.14974385177509902,0.03747313867658883,0.6172338549930868,1007,0.1579295903248492,0.037376362334289315,0.03933129883533501,0.9527561963685567,-0.09646110593874768,0.5898709036742801
development,state_dependent,short,-0.002705724229787141,0.00015171703393968916,0.0036072502239035183,-0.006464691487630349,-0.0016177778102113684,0.061792075502822806,1007,-0.00646096393835105,-0.0016207759153427093,0.002936762469468056,-0.5508711811154414,-0.008544016035231472,0.423038728897716
locked_test,state_dependent,long,0.030544265183712782,0.00029381884909802984,0.0,0.030250446334614753,0.007585186543604893,0.64042672625789,1005,0.02738569035835403,0.006797513914789333,0.04028723905288311,0.1882776462702789,-0.11441641916454681,0.5164179104477612
locked_test,state_dependent,short,-0.002490186882563766,0.0002934937942058859,0.007154700843476622,-0.009938381520246271,-0.0024920120826886173,0.11406019003763672,1005,-0.009915520166050684,-0.002495569031228273,0.0036523163372939337,-0.6823100335648893,-0.01190405853615839,0.40298507462686567
locked_2022,state_dependent,long,-0.09118556163688346,0.00011678449351619342,0.0,-0.09130234613039967,-0.09166610049745305,0.5974798854975789,251,-0.08891057605406094,-0.08924850295828124,0.06016517322880514,-1.5235741140285837,-0.11081149748924779,0.44621513944223107
locked_2022,state_dependent,short,0.001477430089001995,0.00014670725391019063,0.0043690393082491145,-0.0030383164731573103,-0.003050421319663913,0.21525475667327085,251,-0.0030500141430905847,-0.003062146970114199,0.005739204170812464,-0.5315059769396709,-0.006870217377329402,0.4900398406374502
