session,eligible_assets,gross,net,turnover,turnover_limit,forecast_volatility,optimizer_converged,optimizer_status,risk_scaler,net_budget_ratio,maximum_factor_budget_ratio,maximum_sleeve_budget_ratio,exposure_equity,exposure_duration,exposure_credit,exposure_commodity,exposure_usd
2021-01-11,45,0.9286395149359644,0.6000000000639549,0.0026567870170783603,0.25,0.021036273596620324,True,0,1.0,1.0000000001065916,0.4537380269460386,0.7349081013921168,0.09271987435753701,0.21876645947614148,0.13612140808381157,-0.0020976430866482955,-0.028387453102940847
2021-01-26,45,0.926556717902159,0.6000000000141188,0.002937297909945726,0.25,0.02107170777593285,True,0,1.0,1.0000000000235314,0.45401905532634135,0.7355482926999324,0.09330050396742456,0.2185981819868794,0.1362057165979024,-0.0021982584144387956,-0.027662624629906245
2021-02-09,45,0.9263139417221538,0.5999999998106718,0.0005830642636852207,0.25,0.021438223295773898,True,0,1.0,0.999999999684453,0.45327720408037075,0.7340998107842955,0.09437833447020934,0.2180671761532104,0.13598316122411122,-0.0022591116327671298,-0.028553597992164982
2021-02-24,45,0.9285485841603739,0.5999999997791693,0.004753735974207009,0.25,0.02177652178003998,True,0,1.0,0.9999999996319489,0.4564301101782124,0.7343157626951338,0.0957228532115162,0.21725653863407737,0.1369290330534637,-0.0023252970006287857,-0.02801723292849409
2021-03-10,45,0.9311249997730038,0.5999999999975227,0.005999428335667564,0.25,0.024437133980758936,True,0,1.0,0.9999999999958713,0.4645933811413846,0.7380493145135426,0.09679158003811288,0.21663719008429227,0.13937801434241537,-0.0022770503268466137,-0.03135452844112695
2021-03-24,45,0.9849202296547336,0.45324700817487146,0.25000000000549094,0.25,0.026604942180849325,True,0,1.0,0.7554116802914524,0.6377063215404507,0.8678781101669077,0.11555411190196817,0.22563867690640074,0.1913118964621352,-0.0022626530393215693,-0.032861776345674255
2021-04-08,45,0.9999999999837959,0.5261840989699919,0.07052238861199668,0.25,0.0278184948487047,True,0,1.0,0.8769734982833198,0.7786893418133394,0.9743341625749499,0.1341496784250491,0.2337278209321397,0.23360680254400182,5.734488062378177e-12,-0.05696406128033834
2021-04-22,45,0.9588634057282184,0.5683297451479195,0.04031165486105712,0.25,0.028268175708135494,True,0,1.0,0.9472162419131991,0.778594011295005,0.974526541273936,0.13439499220135584,0.23408776113314,0.2335782033885015,7.988473282408224e-12,-0.09571908571439104
2021-05-06,45,0.9595231257657008,0.5698466088703634,0.0021148040850460653,0.25,0.027024149032044604,True,0,1.0,0.9497443481172724,0.780071207126274,0.9754805692968406,0.1355091876710488,0.23417169045492978,0.2340213621378822,9.126106411452415e-12,-0.09483825848732375
2021-05-20,45,0.9570243247421598,0.569639356086376,9.921064715325001e-05,0.25,0.026807250994895004,True,0,1.0,0.9493989268106267,0.7795504840410857,0.9747184296784742,0.134818237001058,0.23390762477483992,0.2338651452123257,8.773693064469531e-12,-0.09369248436757126
2021-06-04,45,0.9605362729275367,0.5733601949150404,0.0025624939977699213,0.25,0.02719708165694798,True,0,1.0,0.9556003248584007,0.7818102967726669,0.9771426488835089,0.13590243989402848,0.2345407106437815,0.23454308903180004,7.839543697496081e-12,-0.09358803904621063
2021-06-18,45,0.9563685526112479,0.5644989029115548,0.008660354929835593,0.25,0.02745028939701842,True,0,1.0,0.9408315048525914,0.784998408905166,0.9822977619869914,0.13510128857161208,0.23257265840139632,0.2354995226715498,4.680847514810866e-12,-0.09593482488448717
2021-07-02,45,0.9570547619719945,0.566589837610512,0.002081454060416002,0.25,0.027724377246105512,True,0,1.0,0.9443163960175199,0.7832231073057466,0.9800965226151789,0.13777057380949687,0.23205785246470972,0.234966932191724,3.5926574931078673e-12,-0.0952324622101183
2021-07-19,45,0.9585284784792939,0.5670051596584568,0.0027153465451215386,0.25,0.02736550183500119,True,0,1.0,0.9450085994307613,0.7851392456113264,0.9831470850494679,0.13628746917404783,0.23310582342599356,0.23554177368339793,3.807273050019853e-12,-0.09576165943892709
2021-08-02,45,0.9577726625629291,0.5691049538506736,0.0020526046579077,0.25,0.026832264046398272,True,0,1.0,0.9485082564177894,0.7841774970076001,0.9819572784411819,0.13797315311851138,0.23275389028523688,0.23525324910228002,1.1680777269774373e-11,-0.09433385439215779
2021-08-16,45,0.9276436169259878,0.6000000000104491,0.0316081230061026,0.25,0.0262534929903124,True,0,1.0,1.0000000000174152,0.7830638421028182,0.9801039817153884,0.13956807255543144,0.23213054374930153,0.23491915263084545,1.2904011423998436e-11,-0.06382180849549159
2021-08-30,45,0.9273019087474531,0.5999999999975673,0.0019668149340369666,0.25,0.023784153957819493,True,0,1.0,0.9999999999959455,0.7845899789017927,0.9815639695595866,0.14033925587945092,0.23227758226610953,0.2353769936705378,1.130535077261695e-11,-0.06365095438583766
2021-09-14,45,0.9268720174540934,0.5996096792682019,0.0003499800456008145,0.25,0.020836486872206395,True,0,1.0,0.9993494654470031,0.785990844476132,0.983504355609689,0.1390866277991344,0.23277339226949584,0.23579725334283957,1.3933776159704678e-11,-0.06363116910782401
2021-09-28,45,0.925420466183952,0.5951004207779675,0.002361276278927557,0.25,0.020658521488215262,True,0,1.0,0.9918340346299459,0.780513514645748,0.9774545909019353,0.1380394011627434,0.2314448694070751,0.23415405439372441,1.75838333026412e-11,-0.06516002272246996
2021-10-12,45,0.9256150071594399,0.5939830530207383,0.0014591957854340476,0.25,0.02064212228605944,True,0,1.0,0.9899717550345638,0.77889133822218,0.9755025140434381,0.13807063652245455,0.23107310918928656,0.23366740146665402,1.9664232546529624e-11,-0.06581597709092606
2021-10-26,45,0.8485698396330128,0.4771771450320693,0.25000000004246353,0.25,0.01910121216558082,True,0,1.0,0.7952952417201156,0.7783622802033253,0.9729045026305313,0.14145737830827057,0.21810066789763483,0.2335086840609976,2.6318990247999712e-11,-2.63409891148331e-11
2021-11-09,45,0.8657858659037825,0.46578586590211607,0.0160717020719041,0.25,0.018895299277969842,True,0,1.0,0.7763097765035268,0.7803073300433828,0.9755924309397912,0.14286301776407356,0.21782778142996817,0.23409219901301484,2.8063092217680982e-11,-2.7287391413028392e-11
2021-11-23,45,0.8620914173250648,0.4620914173234317,0.0017517203093813105,0.25,0.019129641671781997,True,0,1.0,0.7701523622057195,0.771630968661252,0.9669742505035275,0.1431384122700761,0.21572223677454339,0.23148929059837559,2.8853431635412813e-11,-2.7537461870860512e-11
2021-12-08,45,0.8634821268270984,0.4649150862366792,0.000612676784542715,0.25,0.01989707868849957,True,0,1.0,0.7748584770611321,0.7770987008512611,0.9720886357773085,0.14332273445301205,0.21672024932874487,0.23312961025537832,3.128174309061965e-11,-2.9039051755500607e-11
2021-12-22,45,0.8644501062806285,0.46445010628168926,0.0012389555748302944,0.25,0.02013530966693364,True,0,1.0,0.7740835104694821,0.7762840921867438,0.9720237481701135,0.14312224965228337,0.21676014070866276,0.23288522765602312,3.079507269375056e-11,-2.8464863612211164e-11
2022-01-06,45,0.8615847578040476,0.4615847578021476,0.0013236869198078594,0.25,0.021210661233783703,True,0,1.0,0.769307929670246,0.7728577859307931,0.9680664148532003,0.14354405502713927,0.21524614912689277,0.23185733577923792,3.1166143033926416e-11,-2.9012248595566087e-11
2022-01-21,45,0.8579428741721127,0.45794287417018487,0.0018821862555991747,0.25,0.02175312864374768,True,0,1.0,0.7632381236169749,0.7729209725508811,0.967803311308324,0.13910836041942265,0.2156594529226464,0.2318762917652643,3.2616480725391447e-11,-2.9693236842914056e-11
2022-02-04,45,0.8555971924241,0.4555971924221428,0.0006373354745638493,0.25,0.023537020200082064,True,0,1.0,0.7593286540369047,0.7661224929981374,0.9591800743574176,0.14085652215871888,0.2136880519287343,0.22983674789944122,3.4040289109553576e-11,-3.0214678318471616e-11
2022-02-18,45,0.8530774885549361,0.4530774885529893,0.0010933684590288956,0.25,0.024813816580656123,True,0,1.0,0.7551291475883155,0.7623628750300634,0.9548862008223048,0.13850621384680079,0.2135020877441542,0.228708862509019,3.47431116889358e-11,-3.055546827165886e-11
2022-03-07,45,0.7465339295437616,0.34653392954215095,0.10545289180597145,0.25,0.02563560415186111,True,0,1.0,0.5775565492369182,0.6763059889389235,0.6874704043011699,0.13511066283121126,0.17111424637536754,0.20289179668167703,4.134936340139599e-11,-3.186966785018059e-11
2022-03-21,45,0.7456033952015656,0.3456033951998517,0.0010301603250973401,0.25,0.029029958933318254,True,0,1.0,0.5760056586664196,0.6780447818996842,0.6873794392068417,0.13993557571060583,0.16898489750095033,0.20341343456990527,3.982514356206985e-11,-3.228470272839753e-11
2022-04-04,45,0.7463669893410333,0.3494970689978354,0.0,0.25,0.029628422921261773,True,0,1.0,0.5824951149963924,0.6873652399318303,0.6963649117257764,0.1424707394977872,0.1692610419676445,0.2062095719795491,3.988383857284644e-11,-3.27300988716443e-11
2022-04-19,45,0.7382451097434681,0.3382451097414896,0.002357791385238256,0.25,0.030720036366909006,True,0,1.0,0.5637418495691493,0.6716029924872233,0.6770373398476066,0.14082778387898134,0.16519240975748112,0.20148089774616698,4.3120426090080676e-11,-3.337943714759364e-11
2022-05-03,45,0.7330595895808785,0.333059589578927,0.0020582114264336288,0.25,0.032888543693025955,True,0,1.0,0.5550993159648784,0.6672952366720225,0.6734647233557215,0.13608439345196055,0.16499228286545523,0.20018857100160675,4.2792433974703445e-11,-3.272334317225846e-11
2022-05-17,45,0.8301162795747092,0.23011627957315622,0.10167295869892795,0.25,0.034377440990198925,True,0,1.0,0.38352713262192706,0.592480146215676,0.9165258172120962,0.13431713024579278,0.12442519849083947,0.1777440438647028,4.695305809185983e-11,-3.411014292084076e-11
2022-06-01,45,0.8352981681802899,0.23615878875529078,0.002934728317987953,0.25,0.03580946283612773,True,0,1.0,0.393597981258818,0.6078364415740802,0.9312395074813941,0.13564346348567252,0.12646100923318576,0.18235093247222406,4.5728727123296306e-11,-3.373143218343657e-11
2022-06-15,45,0.8229127790560364,0.22417918158655767,0.0023172717391869296,0.25,0.03922922795996816,True,0,1.0,0.37363196931092946,0.5912506077421685,0.9133563600929292,0.12974004011211332,0.12414558288896112,0.17737518232265057,4.586430465949765e-11,-3.325083519938623e-11
2022-06-30,45,0.8236801409117737,0.22368014090978142,0.0021419201746550043,0.25,0.04018498037174383,True,0,1.0,0.3728002348496357,0.5828494343943229,0.909690343702288,0.12919311334315361,0.12379264804148954,0.17485483031829685,4.013625820282069e-11,-3.068835114493245e-11
2022-07-15,45,0.8269246799056528,0.4269246799037374,0.20090405341835665,0.25,0.041511959839511794,True,0,1.0,0.7115411331728957,0.5858972187230767,0.9126327670650415,0.13091022310310793,0.12544902429836696,0.175769165616923,3.900322931982789e-11,-2.9620093320815686e-11
2022-07-29,45,0.8354530885859518,0.44000671425077864,0.0018809061773914504,0.25,0.04442093925361869,True,0,1.0,0.7333445237512978,0.6013774654369024,0.9239119170358103,0.1357215695894449,0.1286674913835452,0.18041323963107073,3.627607661889297e-11,-2.8617443645122678e-11
2022-08-12,45,0.8351887492963632,0.443365862301241,0.00042638522534762385,0.25,0.04569326365349637,True,0,1.0,0.7389431038354016,0.6090723231132854,0.927420868411561,0.1387324865088596,0.12858963533314172,0.18272169693398563,3.383293842907207e-11,-2.7968242346698864e-11
2022-08-26,45,0.8277075898928611,0.4342935031402964,0.0014590013485141773,0.25,0.045359934688604095,True,0,1.0,0.7238225052338274,0.5928648814998004,0.911103415752684,0.13424999124298986,0.12700398756170797,0.1778594644499401,3.496345277658584e-11,-2.8008931036429075e-11
2022-09-12,45,0.8250166989210961,0.4314225662178795,0.0005188122617521551,0.25,0.045620015701361843,True,0,1.0,0.7190376103631325,0.5951891481113532,0.9101809432314628,0.1359664173718172,0.12488276976759859,0.17855674443340594,3.4231904958617494e-11,-2.7978772402852108e-11
2022-09-26,45,0.8079724780377184,0.4119366404564761,0.0037673378285992265,0.25,0.04406425122727768,True,0,1.0,0.6865610674274601,0.5722424347298403,0.8893066365134856,0.12750342870035122,0.12053930772277124,0.17167273041895206,3.21318042127373e-11,-2.6141506333381588e-11
2022-10-10,45,0.8081977744448622,0.4095283160751232,0.0010269187809834879,0.25,0.047000343501816935,True,0,1.0,0.6825471934585386,0.5724094770262339,0.8923287489080243,0.12714184142077636,0.11952099967804318,0.17172284310787017,3.4104662858151134e-11,-2.7310899253186094e-11
2022-10-24,45,0.8063075959623838,0.41178217508041515,0.0008189153669977585,0.25,0.047848882063220216,True,0,1.0,0.6863036251340253,0.5719053897093358,0.8819936363278981,0.13059934130167894,0.11853645522721386,0.17157161691280073,3.639043780909591e-11,-2.8145577460731585e-11
2022-11-07,45,0.8089052753404725,0.4145996516916419,0.0011266615097309403,0.25,0.046575950586679286,True,0,1.0,0.6909994194860699,0.5807824738345295,0.8908953485024146,0.13106665860913969,0.11994505720119643,0.17423474215035886,5.115121658862592e-11,-3.5868660049681796e-11
2022-11-21,45,0.8200796934460891,0.4220242719187592,0.0016945536747960796,0.25,0.051039126457471,True,0,1.0,0.7033737865312654,0.5913158551092851,0.9100110573668597,0.13388292604962884,0.1222766467644732,0.17739475653278552,5.899944692013719e-11,-4.256221710960481e-11
2022-12-06,45,0.8264173905145228,0.4272169399951311,0.0010280238640476974,0.25,0.052109281983925594,True,0,1.0,0.7120282333252186,0.5983316316439748,0.9209709201499605,0.13362415308291126,0.12498823384521705,0.17949948949319244,6.861412742320881e-11,-5.4397163072648195e-11
2022-12-20,45,0.8233832758146279,0.42382937359297373,0.001706277001871953,0.25,0.048330709281936626,True,0,1.0,0.706382289321623,0.5989689148114045,0.9207205992980037,0.13199409205227305,0.12420219128916636,0.17969067444342132,7.004506742836955e-11,-5.521214400263395e-11
2023-01-05,45,0.8238883747245106,0.42421010921642616,0.0005398367330687326,0.25,0.048235872077726095,True,0,1.0,0.7070168486940436,0.6015013536184589,0.9235848223275667,0.13202132726018415,0.12430348974373226,0.18045040608553767,6.671024885210007e-11,-5.3792247396604974e-11
2023-01-20,45,0.8316336335480673,0.43311733629239224,0.0014848827163417566,0.25,0.049286894267056784,True,0,1.0,0.7218622271539871,0.6128582812370631,0.9359598726916405,0.1351321468806597,0.12683289799102052,0.18385748437111893,8.132589199353622e-11,-7.211516067965724e-11
2023-02-03,45,0.8325632010435934,0.4357223421576564,0.00023480915576603586,0.25,0.049113601000159095,True,0,1.0,0.726203903596094,0.6135543153385236,0.9353890938141954,0.13803007962578256,0.12638524254074504,0.18406629460155705,7.648010711041257e-11,-6.865858759706772e-11
2023-02-17,45,0.7266718347828156,0.5282051829143573,0.09990652374078522,0.25,0.04981499298445963,True,0,1.0,0.8803419715239288,0.6668435301459477,0.6721432710703559,0.13668646794123956,0.16370726310937417,0.2000530590437843,9.821423151862959e-11,-9.359121595312649e-11
2023-03-06,45,0.7254540101013525,0.5275126608562515,0.00027262910741178425,0.25,0.04949257130252269,True,0,1.0,0.8791877680937525,0.6692466395957725,0.6731409394684849,0.13652107899791285,0.16341896794941863,0.20077399187873174,9.839434476013679e-11,-9.292853011645656e-11
2023-03-20,45,0.727832149978215,0.5278321499782156,0.001079310947868632,0.25,0.0481092754711454,True,0,1.0,0.8797202499636927,0.6627422388191783,0.6701742393867829,0.13407685904242242,0.16484639703106363,0.19882267164575346,9.313568941385078e-11,-9.043670231652808e-11
2023-04-03,45,0.7328423486864007,0.5352459555093904,0.0011895605362927802,0.25,0.04558106395419698,True,0,1.0,0.8920765925156506,0.6732155013081639,0.6800647451618637,0.1373041271827128,0.1663470644959596,0.20196465039244915,9.858848599143256e-11,-9.687224561250585e-11
2023-04-18,45,0.6653207915673239,0.6000000000082477,0.06648646188617116,0.25,0.043308480238886275,True,0,1.0,1.0000000000137463,0.671156623811947,0.6773725922061609,0.13796607092328672,0.16975188774373492,0.2013469871435841,1.0161888386295537e-10,-9.993651259156235e-11
2023-05-02,45,0.665561320926518,0.6000000001038936,0.0006019787910314101,0.25,0.04198492368351699,True,0,1.0,1.0000000001731562,0.6707597543194446,0.6774929508490881,0.13714326592934084,0.17014562809811393,0.20122792629583336,3.306498676083848e-11,-7.271901518546758e-11
2023-05-16,45,0.6611972407507108,0.600000000049918,0.0029394818270708813,0.25,0.036054881772395665,True,0,1.0,1.0000000000831968,0.6662074773957477,0.6721286259682165,0.13697923829835465,0.1692710901867385,0.1998622432187243,3.7662853273520635e-11,-8.070812793842637e-11
2023-05-31,45,0.6608046565600526,0.6000000001374993,0.0006328344437502853,0.25,0.03491689099328787,True,0,1.0,1.0000000002291656,0.6668414961673502,0.6728846920563797,0.1383680864673006,0.16869430354190124,0.20005244885020507,2.442627069473348e-11,-8.688691733225854e-11
2023-06-14,45,0.6602487109346197,0.5999999999098383,0.0026204978400783813,0.25,0.03274202195306066,True,0,1.0,0.9999999998497305,0.6708571603837907,0.6752505925386679,0.14201034682745092,0.16693922344164316,0.2012571481151372,9.469548365374013e-12,-7.705249951373888e-11
2023-06-29,45,0.6601178442441558,0.6000000001078715,0.0003891032588731604,0.25,0.03132764814529937,True,0,1.0,1.0000000001797857,0.6709172011630509,0.6755944082014825,0.14239847515779142,0.16681550702793851,0.20127516034891527,1.0438467350043198e-11,-6.19459078101976e-11
2023-07-14,45,0.6600067802101984,0.600000000056787,0.0030843154401496153,0.25,0.03029082229766404,True,0,1.0,1.000000000094645,0.673318965496682,0.6762342115231148,0.14424686279178803,0.1659794396408941,0.2019956896490046,1.207667939044487e-11,-7.124994931246496e-11
2023-07-28,45,0.6598338932902148,0.5999999994430419,0.0008540977812932644,0.25,0.030513717713826206,True,0,1.0,0.9999999990717366,0.6746526951953158,0.6773114521798309,0.14561743929830515,0.16561090544954404,0.20239580855859474,-1.5843151337492795e-11,-3.6339977114655124e-11
2023-08-11,45,0.6523344070398326,0.6000000000225717,0.005062328409422393,0.25,0.028785329843988277,True,0,1.0,1.0000000000376195,0.6727337532440694,0.6738778472829916,0.14404452258405817,0.16478017935733558,0.2018201259732208,-1.3147770641171219e-11,-4.304810075841044e-11
2023-08-25,45,0.6491330262280546,0.599999999604623,0.0021586439980421984,0.25,0.027743554332948655,True,0,1.0,0.9999999993410384,0.6711241223500045,0.6725904781809111,0.14310405454661834,0.1646045810395544,0.20133723670500134,-3.0697046206524525e-11,-1.4312701375276451e-11
2023-09-11,45,0.6000000003012812,0.6000000000731139,0.050337760929809384,0.25,0.02574346078671513,True,0,1.0,1.0000000001218565,0.6702965386978962,0.6714637776549304,0.14443312840082417,0.1591693171751801,0.20108896160936884,-2.199519119456226e-11,-2.7431036225037768e-11
2023-09-25,45,0.5953943887987475,0.5953943885715912,0.0010906095050471215,0.25,0.025703049915720113,True,0,1.0,0.9923239809526521,0.6671983941707251,0.6679338296937883,0.14212252444827028,0.15819240113240485,0.20015951825121753,-2.219445259703676e-11,-2.7268466480108823e-11
2023-10-09,45,0.6000000002132893,0.6000000001250464,0.007218120528329925,0.25,0.02626756296249544,True,0,1.0,1.0000000002084106,0.6620545021649297,0.6622667548892048,0.14208018122175226,0.1574819294611352,0.19861635064947888,-6.5513932727206496e-12,-3.537379432085936e-11
2023-10-23,45,0.5999999998888879,0.5999999996726397,0.004410911566561329,0.25,0.026868660198665635,True,0,1.0,0.9999999994543995,0.6584706337995976,0.658211051703776,0.1399999373380436,0.15715118913300752,0.19754119013987925,-2.2094725771242396e-11,-2.3191722473486346e-11
2023-11-06,45,0.6000000001690398,0.6000000000487989,0.007491908285401993,0.25,0.028201769957811675,True,0,1.0,1.0000000000813316,0.6669702963833385,0.6665494573495742,0.14256309271203227,0.15599727494902543,0.20009108891500155,-9.029528556685066e-12,-3.416145609565694e-11
2023-11-20,45,0.6000000001089661,0.6000000000277176,0.006337832808907776,0.25,0.029735420774886133,True,0,1.0,1.000000000046196,0.6715582779337381,0.6732512862516152,0.1454356542601408,0.15589489694766173,0.20146748338012144,-2.227135894620813e-12,-3.982243850493633e-11
2023-12-05,45,0.6000000001306967,0.6000000001100074,0.005057753931162279,0.25,0.030043515102641128,True,0,1.0,1.0000000001833458,0.6755634432199844,0.6781795772125726,0.1447247737694182,0.1564925047011237,0.2026690329659953,1.2355102628540946e-11,-1.0186365293078241e-11
2023-12-19,45,0.6000000000708261,0.6000000000611913,0.007771242636430947,0.25,0.03079459052383958,True,0,1.0,1.0000000001019855,0.6749723994011366,0.6772320186684577,0.1472320278681083,0.15542842610811541,0.20249171982034098,1.3914414294460047e-11,-1.556377611913983e-11
2024-01-04,45,0.6000000000972777,0.6000000000963245,0.0902954332529475,0.25,0.02849563053272244,True,0,1.0,1.000000000160541,0.6706018759126945,0.6728477475525857,0.14590394355399852,0.14620907549572043,0.20118056277380833,1.791569016448843e-11,-3.6574476104029725e-11
2024-01-19,45,0.6000000001775716,0.6000000001775716,0.09015700456550121,0.25,0.025605797846524427,True,0,1.0,1.0000000002959528,0.6090657349801911,0.5571309309988396,0.1441900262186197,0.12422678356383625,0.18271972049405732,1.757032163589796e-11,-2.7488617077634355e-11
2024-02-02,45,0.6000000000174331,0.6000000000174331,0.002587501104854881,0.25,0.025231324726611094,True,0,1.0,1.0000000000290552,0.6043549938226233,0.5529669511153859,0.1456929340564651,0.12330387300861052,0.18130649814678695,1.8419406583825773e-12,-6.978880992158003e-12
2024-02-16,45,0.5982655791367335,0.5982655791367335,0.0016292891739982229,0.25,0.02561319252123558,True,0,1.0,0.9971092985612225,0.601746578971252,0.5497762274739174,0.1455409520458835,0.12248058990893407,0.1805239736913756,2.3166842878770696e-11,-3.92832336271009e-11
2024-03-04,45,0.6000000000128651,0.6000000000128651,0.0032063172053998397,0.25,0.025038116653105447,True,0,1.0,1.000000000021442,0.6053119935187917,0.553718658289466,0.14579824397070382,0.12319829076617379,0.18159359805563752,2.478357482487997e-11,-4.111352958617495e-11
2024-03-18,45,0.5993795767222782,0.5993795767220035,0.0008282019374770451,0.25,0.02484753672525434,True,0,1.0,0.9989659612033391,0.6052893574850455,0.5536566719294137,0.14579669572844545,0.12290656824971848,0.18158680724551365,1.2500012833997296e-11,-2.6418829851495115e-11
2024-04-02,45,0.5999999996484664,0.5999999996407669,0.001189717996181259,0.25,0.024324901332563695,True,0,1.0,0.9999999994012782,0.6061946628302383,0.5548178597690149,0.14581806160868405,0.12324820443225833,0.18185839884907148,2.851720797072875e-12,-1.4724504874982247e-11
2024-04-16,45,0.5957712804890278,0.5957712804890278,0.0025974829532739744,0.25,0.023897461702308515,True,0,1.0,0.9929521341483798,0.6023185210342319,0.5502082335093453,0.1436850790177015,0.12214082723140138,0.18069555631026957,4.141779894147181e-11,-6.170227125375124e-11
2024-04-30,45,0.6000000000415143,0.6000000000415143,0.005038653072704015,0.25,0.023748424291203964,True,0,1.0,1.0000000000691907,0.6061762849373136,0.561851438111311,0.14335127746141665,0.12404874554901746,0.18185288548119408,4.5294714389922246e-11,-6.651740274568726e-11
2024-05-14,45,0.6000000001351946,0.6000000001351946,0.0065684956666376,0.25,0.022525807969632397,True,0,1.0,1.0000000002253244,0.6098093058046895,0.5656803975190339,0.1459077809385205,0.12288869153214602,0.18294279174140685,5.1369379461179444e-11,-6.280376162033125e-11
2024-05-29,45,0.5983692942963135,0.5983692942963135,0.0010470228160542466,0.25,0.022021244577182488,True,0,1.0,0.9972821571605225,0.6061270726439557,0.5620634446777331,0.1455995458157556,0.12223122707159648,0.1818381217931867,5.286903507169564e-11,-6.369176231991245e-11
2024-06-12,45,0.6000000000405431,0.6000000000405431,0.003477370401573282,0.25,0.0219358856914145,True,0,1.0,1.000000000067572,0.6099022273574614,0.5659278341787252,0.14591542652953046,0.12290204540658035,0.1829706682072384,5.371330393529214e-11,-4.489908968222583e-11
2024-06-27,45,0.5998512335966207,0.5998512335966207,0.0010493610621907512,0.25,0.02053778646473503,True,0,1.0,0.9997520559943679,0.6084917318226837,0.564641520358118,0.1457828677040833,0.12289757523865258,0.1825475195468051,7.598332337675884e-11,-6.511734454769e-11
2024-07-12,45,0.6000000000663185,0.6000000000663185,0.003828304101856639,0.25,0.020435048702857624,True,0,1.0,1.000000000110531,0.6109841725019955,0.5649339445626365,0.14604488254756112,0.12299912616383357,0.18329525175059866,5.466362836226518e-11,-5.6985123308888464e-11
2024-07-26,45,0.5972873385239529,0.5972873385239529,0.0016283849970950698,0.25,0.020599151296694405,True,0,1.0,0.9954788975399215,0.6102280339072458,0.5641228293974553,0.14370835817137004,0.12289922731930189,0.18306841017217373,5.169988716701435e-11,-5.4246666647896176e-11
2024-08-09,45,0.5970674641390974,0.5970674641390974,0.0007142404672610377,0.25,0.02111198424470691,True,0,1.0,0.995112440231829,0.6131817124130929,0.5675265612884186,0.1419415974844163,0.12383746508794928,0.18395451372392788,7.127363192882189e-11,-8.157419149571093e-11
2024-08-23,45,0.6000000000415266,0.6000000000415266,0.004862372012727906,0.25,0.02092707020848446,True,0,1.0,1.000000000069211,0.6164376398983856,0.571063957480043,0.1435791577672629,0.12451003479299609,0.1849312919695157,4.5700725865828865e-12,-3.972167555575434e-11
2024-09-09,45,0.6000000002250649,0.6000000002250649,0.0032721296631537523,0.25,0.020954750245293842,True,0,1.0,1.0000000003751084,0.618372485403943,0.5767429028502468,0.1412474951093642,0.1256304703927052,0.1855117456211829,2.6010823720793427e-11,-7.097636969754999e-11
2024-09-23,45,0.5999999999439422,0.5999999999135295,0.005068092631400872,0.25,0.0209603469404908,True,0,1.0,0.9999999998558825,0.6192960097896856,0.5774870471182515,0.14105522311867943,0.12576049562417013,0.18578880293690567,-1.5537019291838834e-12,-4.855064950724513e-11
2024-10-07,45,0.6000000001175861,0.6000000001175861,0.18893928150836717,0.25,0.015299480643623936,True,0,1.0,1.000000000195977,0.6805143138784407,0.8117652383669939,0.05621112322763365,0.16289805476073113,0.20415429416353223,9.565986884237079e-12,-6.770100316994558e-11
2024-10-21,45,0.5999999998334475,0.5999999998323994,0.002361989818986693,0.25,0.014266683893861291,True,0,1.0,0.9999999997206657,0.6786531145095839,0.8095005579030357,0.05610533849394728,0.16285949253979937,0.20359593435287515,3.036359270625211e-12,-5.6090253681285353e-11
2024-11-04,45,0.6000000002688127,0.6000000002688127,0.001141054144633328,0.25,0.013663667047465538,True,0,1.0,1.0000000004480212,0.677559774181357,0.8083438923091386,0.05601403921086686,0.16286107090755425,0.20326793225440712,2.7701261475626416e-11,-9.725258674059466e-11
2024-11-18,45,0.600000000427838,0.600000000427838,0.0013225320861044026,0.25,0.014169396479248048,True,0,1.0,1.0000000007130634,0.6770932995300826,0.8077212164282824,0.05600512073546083,0.16283943681570523,0.20312798985902478,7.1303802375031e-11,-1.4879809065616727e-10
2024-12-03,45,0.599999999886093,0.5999999998552787,0.0031767509191771987,0.25,0.013831299419682013,True,0,1.0,0.9999999997587979,0.678007234135254,0.8068420912769448,0.05608348815394089,0.16273861235269882,0.2034021702405762,1.3314484033272588e-11,-7.055464979729236e-11
2024-12-17,45,0.5981760326483081,0.598176032587112,0.000846872860659235,0.25,0.013418994074231793,True,0,1.0,0.9969600543118534,0.6763428854095104,0.8034494150216953,0.056009007713293445,0.1619219800989986,0.20290286562285312,7.467414760961389e-12,-6.584325124036206e-11
