,volatility_ratio,liquidity_ratio,prior_drawdown,transaction_multiplier,borrow_multiplier
2021-01-04,0.4089414924993338,0.9264834049325307,0.0,1.0793501477480032,1.0
2021-01-05,0.4824974571611918,1.515654340834378,-0.013613815142922814,1.0,1.0
2021-01-06,0.4741962961954546,1.2573704076806056,-0.006820258336870055,1.0,1.0
2021-01-07,0.4812522805118241,1.6771548723892518,-0.0008824723749311092,1.0,1.0
2021-01-08,0.5385199844521091,1.2505594339531803,0.0,1.0,1.0
2021-01-11,0.5082067876940305,1.3558392205684067,0.0,1.0,1.0
2021-01-12,0.5297760281507629,1.1961951779277875,-0.006740694676717007,1.0,1.0
2021-01-13,0.527831897249546,1.3492184259084221,-0.006530958058207026,1.0,1.0
2021-01-14,0.5149013002444591,1.136761119236616,-0.003855455087845683,1.0,1.0
2021-01-15,0.4807753059946453,1.1596112599217916,-0.007343979115867261,1.0,1.0
2021-01-19,0.5038099917067596,1.3006857782290782,-0.014583305967616034,1.0,1.0
2021-01-20,0.5117961907067431,1.0474691168356058,-0.0068456061949991875,1.0,1.0
2021-01-21,0.5477675114833831,0.9999686019170363,0.0,1.0000313990688343,1.0
2021-01-22,0.5388528495195016,0.9189817398796405,0.0,1.0881609031001753,1.0
2021-01-25,0.5440033174466996,0.9508192293717915,-0.003539584584358435,1.051724627677863,1.0
2021-01-26,0.5444166420288038,1.1352817794816963,0.0,1.0,1.0
2021-01-27,0.5474458309788074,0.8879267994665763,-0.0015608584361398448,1.1262189637712838,1.0
2021-01-28,0.6993171303655894,1.50003913475982,-0.025963392941097063,1.0,1.0
2021-01-29,0.7122013898190506,1.1841090415470563,-0.017586528857409633,1.0,1.0
2021-02-01,0.798375271695417,1.4585224203024687,-0.037254030867625576,1.0,1.0
2021-02-02,0.84618980417242,1.2693125142877155,-0.021228617589425958,1.0,1.0
2021-02-03,0.8378647057674383,1.0410709870964303,-0.00738857755053568,1.0,1.0
2021-02-04,0.8327258899170863,0.9923016073469314,-0.0066080626181089785,1.0077581176892894,1.0
2021-02-05,0.8470535534005119,0.8796377844129797,0.0,1.1368315660375403,1.0
2021-02-08,0.8141027534994005,0.847798584575742,0.0,1.179525441765656,1.0
2021-02-09,0.8171933288198426,1.0027446359951702,0.0,1.0,1.0
2021-02-10,0.8051320064708222,0.8810150986402457,-0.000665940794294495,1.1350543271544324,1.0
2021-02-11,0.8055502567205314,0.9647481597227214,-0.0011010423622884735,1.0365399404207314,1.0
2021-02-12,0.8052729232645978,0.8576149203280344,0.0,1.1660244898928576,1.0
2021-02-16,0.8020858479827894,0.8388644567015208,0.0,1.1920876990450597,1.0
2021-02-17,0.7864395586490285,1.3353836325246238,-0.0008657343163169795,1.0,1.0
2021-02-18,0.7802478150373776,1.0920241809058,-0.0006365668821926018,1.0,1.0
2021-02-19,0.7548905341513864,1.0094939762706492,-0.0048898842507260065,1.0,1.0
2021-02-22,0.7563294730634941,1.1007422479144162,-0.0066471982036495625,1.0,1.0
2021-02-23,0.7671678053712372,1.2190292654831019,-0.014288014711022035,1.0,1.0
2021-02-24,0.7648516464356057,1.3940667223564096,-0.013090822553331383,1.0,1.0
2021-02-25,0.7851474559056079,1.33173767200772,-0.0022155649077947315,1.0,1.0
2021-02-26,0.7816296617902094,1.8785786952519021,-0.026258174107000154,1.0,1.0
2021-03-01,0.7802895215573126,1.9444207262618565,-0.031275354951489254,1.0,1.0
2021-03-02,0.7963786259404064,1.32726484280243,-0.007793203201026833,1.0,1.0
2021-03-03,0.7794346809508549,1.250355859233263,-0.015535722722005652,1.0,1.0
2021-03-04,0.7884873262114739,1.4496662417034922,-0.02857560985515628,1.0,1.0
2021-03-05,0.820720963267644,1.901327691565579,-0.0405968724980702,1.0,1.0
2021-03-08,0.8651918509968355,1.7930890721150083,-0.022947203968498586,1.0,1.0
2021-03-09,0.8690676139822797,1.4924414462786688,-0.027811578552445537,1.0,1.0
2021-03-10,0.9034224006927278,1.2825338989378234,-0.013931047202869196,1.0,1.0
2021-03-11,0.9124110635228265,1.2484597968278313,-0.007793203201026833,1.0,1.0
2021-03-12,0.9312461314060652,1.0949859043466783,0.0,1.0,1.0
2021-03-15,0.9314991382489776,1.0009711219488826,0.0,1.0,1.0
2021-03-16,0.9341243989811219,0.8940358728235832,0.0,1.1185233505695429,1.0
2021-03-17,0.9354102126057462,0.9876393157962335,-0.0012615241452461623,1.0125153828994762,1.0
2021-03-18,0.9397651943611531,1.25432574319496,0.0,1.0,1.0
2021-03-19,0.9799901163293384,1.3793614181816665,-0.014549723262488823,1.0,1.0
2021-03-22,0.9816981859203586,1.3371574910871393,-0.01637310390391744,1.0,1.0
2021-03-23,0.9821834157445298,0.9582722045593893,-0.008519006866726464,1.0435448249903032,1.0
2021-03-24,0.9986311593996361,1.0921998843274312,-0.016322429099645874,1.0,1.0
2021-03-25,0.9841407411946896,1.0336167238501202,-0.021323061912667973,1.0,1.0
2021-03-26,0.8745984784073638,1.089270480425735,-0.01581750568163265,1.0,1.0
2021-03-29,0.9111367939506293,0.9427242737444224,0.0,1.0607555441720868,1.0
2021-03-30,0.807596605618833,0.9273216512430239,-0.0005049848280629377,1.078374476277519,1.0
2021-03-31,0.7935922210519418,0.9248535513017347,-0.0031567979135145308,1.0812522680942256,1.0
2021-04-01,0.7430494751157927,1.1211080482871492,0.0,1.0,1.0
2021-04-05,0.7029960773741569,1.0951695438742644,0.0,1.0,1.0
2021-04-06,0.6752917115281796,0.9606507297688418,0.0,1.040961057970181,1.0
2021-04-07,0.661389115622918,0.8021874570639406,-0.0005905189026256252,1.2465914184947076,1.0
2021-04-08,0.6259742161425942,0.7738621204442797,0.0,1.2922198587855585,1.0
2021-04-09,0.6251280410061114,0.7991449855936297,0.0,1.2513373893689252,1.0
2021-04-12,0.6166010089734338,0.763991186863574,0.0,1.308915622581089,1.0
2021-04-13,0.6184309220186698,0.6993281648567803,0.0,1.4299438378901788,1.0
2021-04-14,0.6219388921777816,0.7722387317485604,0.0,1.2949363440185466,1.0
2021-04-15,0.6357602221073808,0.8103176996634757,-0.0034150268179790055,1.2340838666307046,1.0
2021-04-16,0.6577295356516442,0.9983682372838996,0.0,1.0016344297175757,1.0
2021-04-19,0.5590467261020245,0.9145695926120279,0.0,1.0934105048736438,1.0
2021-04-20,0.5739436340948473,0.8527570160469564,-0.0049128061708642035,1.172666986236717,1.0
2021-04-21,0.605859420891913,1.0089377067159833,-0.01219862813541528,1.0,1.0
2021-04-22,0.5893373668259625,0.8773860340829425,-0.002851774543744745,1.1397491653092193,1.0
2021-04-23,0.6265647348599663,0.9791806673210519,-0.011958815886290441,1.0212619931885583,1.0
2021-04-26,0.6513815980166867,0.7885478827303875,-0.001246205169886161,1.268153807651412,1.0
2021-04-27,0.5929595238219129,0.7475602457881592,0.0,1.3376848295961639,1.0
2021-04-28,0.5955356851017906,0.7627260725947579,-0.00021539062335962367,1.311086687515542,1.0
2021-04-29,0.5913068093215207,0.9162828277237268,-0.0005028926748393836,1.0913660823309843,1.0
2021-04-30,0.5958119033418942,0.9808062086176282,0.0,1.0195694024097013,1.0
2021-05-03,0.6022972849458962,1.0100890027725669,-0.006570539444227919,1.0,1.0
2021-05-04,0.5431168094662019,1.0387627732330926,-0.004427866861438479,1.0,1.0
2021-05-05,0.5673850978065156,1.312339805378518,-0.010570059420523803,1.0,1.0
2021-05-06,0.5684462897245066,0.8829785648340828,-0.010260311225792074,1.1325303238679483,1.0
2021-05-07,0.5829029457921892,1.0720218565113293,-0.0023568851152389048,1.0,1.0
2021-05-10,0.5835115577588119,1.2597110356310421,0.0,1.0,1.0
2021-05-11,0.6298660925353574,1.069309768076605,-0.009902235640859791,1.0,1.0
2021-05-12,0.6603282781235088,1.2394405869985499,-0.018738869019222726,1.0,1.0
2021-05-13,0.7999358576998598,1.4622156874521068,-0.0395857586929399,1.0,1.0
2021-05-14,0.8103805368122501,1.2921085542185544,-0.028048826787235193,1.0,1.0
2021-05-17,0.8776517375083616,0.9550485620299397,-0.013124249052651082,1.0470671751753824,1.0
2021-05-18,0.8748537189186671,0.863972155493006,-0.015635420099513353,1.1574447088857542,1.0
2021-05-19,0.882633553012658,0.9152016387995627,-0.02411643779985384,1.092655386097936,1.0
2021-05-20,0.8621847987198239,1.386955238792905,-0.02667498796461476,1.0,1.0
2021-05-21,0.8748611916356582,0.9524317509517061,-0.016203969514299366,1.04994399756283,1.0
2021-05-24,0.8427343902332286,0.900610357914774,-0.01700933672035665,1.1103580934993327,1.0
2021-05-25,0.8726134741755106,0.7698992342517779,-0.006988458789192076,1.2988712749816465,1.0
2021-05-26,0.8768891162010316,0.8046162086797194,-0.009191704468823336,1.2428285550459919,1.0
2021-05-27,0.8797742329966535,0.7930486272493485,-0.007225587773355691,1.2609567252747822,1.0
2021-05-28,0.87144931331931,0.8478421138252372,-0.006704339678245241,1.179464883489058,1.0
2021-06-01,0.8624333061216651,0.8526806598052573,-0.004927272665034121,1.1727719967618226,1.0
2021-06-02,0.8635971526064362,1.0876312504454573,-0.005803980841720735,1.0,1.0
2021-06-03,0.8531956152762912,0.7933608430924144,-0.004240392152835559,1.2604604937422093,1.0
2021-06-04,0.8611211767511925,0.9384357720192534,-0.007936118945392145,1.0656030277365465,1.0
2021-06-07,0.8680751460861537,0.8819142855611565,0.0,1.1338970423454546,1.0
2021-06-08,0.8548286788627597,0.7960124190501755,-0.0009700523251650051,1.2562618070622922,1.0
2021-06-09,0.8257004670385579,0.8499324871006193,-0.000756971857681088,1.1765640391171621,1.0
2021-06-10,0.8002356870142547,0.8677423181815423,-0.0022478357412256678,1.152415848630754,1.0
2021-06-11,0.6154673479383914,0.9685012002359755,0.0,1.0325232428791515,1.0
2021-06-14,0.5759872528983724,0.7766251646102039,0.0,1.2876224536220253,1.0
2021-06-15,0.48134898611880683,0.9250802570385933,0.0,1.080987289904168,1.0
2021-06-16,0.4794932019124177,0.9736934432362022,-0.0018342963138003876,1.0270172885999564,1.0
2021-06-17,0.45141075346965226,1.3331108712814748,-0.007407304442374807,1.0,1.0
2021-06-18,0.44522282867265134,1.5019114093005401,-0.007736818287825353,1.0,1.0
2021-06-21,0.505882724990884,1.6241525986139111,-0.021122632898254556,1.0,1.0
2021-06-22,0.6015791159995254,1.075238562929746,-0.007108989001790023,1.0,1.0
2021-06-23,0.5717054297925103,0.8294027427515368,-0.0018007811957020392,1.2056868737647384,1.0
2021-06-24,0.5762832562916441,0.8293054809173064,-0.003004082048715828,1.2058282780114826,1.0
2021-06-25,0.6022493854212052,0.7862893225619004,0.0,1.2717964892894438,1.0
2021-06-28,0.6142954506717637,0.9490320532401637,0.0,1.053705190025798,1.0
2021-06-29,0.6163443290868308,0.8864144935051124,0.0,1.1281403985687792,1.0
2021-06-30,0.6162347866786951,0.8192920641018071,0.0,1.2205659542135363,1.0
2021-07-01,0.6194582247773939,1.035788963216403,0.0,1.0,1.0
2021-07-02,0.6194409968050618,1.0369938407797545,0.0,1.0,1.0
2021-07-06,0.6096542739125925,0.8908462393743738,0.0,1.1225281713062885,1.0
2021-07-07,0.6130342943184236,1.16727434510148,-0.0018214823523001744,1.0,1.0
2021-07-08,0.61565949532032,1.0446929397912152,0.0,1.0,1.0
2021-07-09,0.6599326334019733,1.2341767845923197,-0.008147937971819785,1.0,1.0
2021-07-12,0.6983602482276525,0.9543677289400402,0.0,1.0478141388022841,1.0
2021-07-13,0.7038111588622006,0.8482169591328055,0.0,1.1789436526031896,1.0
2021-07-14,0.7178027774081123,1.023430326851913,-0.003409309878363742,1.0,1.0
2021-07-15,0.7151872284766418,0.9396897941277688,-0.0019221366166876086,1.0641809736033283,1.0
2021-07-16,0.7050625132676541,0.9638626889662517,-0.005330997152742434,1.0374921775139005,1.0
2021-07-19,0.7447994313663199,0.9738766639421929,-0.013133002552488948,1.0268240702596378,1.0
2021-07-20,0.7654887144049553,1.799591246835681,-0.027706746328068244,1.0,1.0
2021-07-21,0.7681221121230475,1.378782470755045,-0.013773540013820251,1.0,1.0
2021-07-22,0.7837572530837523,1.0691678606632156,-0.005788577403968209,1.0,1.0
2021-07-23,0.7847952156694838,0.798055992736438,-0.003706699596467966,1.2530449105094998,1.0
2021-07-26,0.8152070119466663,0.9038109881965096,0.0,1.1064260260825427,1.0
2021-07-27,0.8195710994588656,0.7925050995632171,0.0,1.2618215334527716,1.0
2021-07-28,0.8374544212235651,1.0266145004601521,-0.004557561395521548,1.0,1.0
2021-07-29,0.8384873756603289,0.9937531982017205,-0.004965852988010111,1.0062860696293443,1.0
2021-07-30,0.8416061742867534,0.8948300993590651,-0.000839072251060502,1.1175305800690705,1.0
2021-08-02,0.8493414119706106,1.086015921237348,-0.005691292367211109,1.0,1.0
2021-08-03,0.836265071912966,1.0792530266223381,-0.00777735735511953,1.0,1.0
2021-08-04,0.8570996343042826,0.9275936811870173,0.0,1.078058227736444,1.0
2021-08-05,0.8674019856996755,1.0119561770455963,-0.0049187575089870705,1.0,1.0
2021-08-06,0.8451344175421217,0.7038952614409731,0.0,1.4206659069601613,1.0
2021-08-09,0.8044500668573079,0.8531487871388237,0.0,1.1721284904520186,1.0
2021-08-10,0.8017562117165992,0.8204018910409473,-0.0008135746084829698,1.2189147915434153,1.0
2021-08-11,0.7941518469630522,0.9187645249877956,0.0,1.0884181667911954,1.0
2021-08-12,0.7951809660664726,0.9388946589015603,0.0,1.0650822118531684,1.0
2021-08-13,0.7878354744199174,0.8168605872891057,0.0,1.2241991051602505,1.0
2021-08-16,0.7471159059277349,0.80391390073732,0.0,1.2439143036124105,1.0
2021-08-17,0.5927406297178203,0.9372216842674455,0.0,1.0669834221576122,1.0
2021-08-18,0.5427629599889722,1.120884848244549,-0.006555114259720662,1.0,1.0
2021-08-19,0.6017944136214068,1.0893502854182102,-0.017428724025881692,1.0,1.0
2021-08-20,0.6009432461729416,1.2524637426952479,-0.015907082152476604,1.0,1.0
2021-08-23,0.5760159791428432,0.9539421085739623,-0.008076609666490375,1.0482816420536138,1.0
2021-08-24,0.6152036116972937,0.9764027731801673,0.0,1.024167513108321,1.0
2021-08-25,0.5978813387389534,0.882098322126161,0.0,1.1336604717597187,1.0
2021-08-26,0.5971445213902514,0.8645884261417253,0.0,1.1566196929821932,1.0
2021-08-27,0.6184612684092061,0.8857409627700008,-0.0059032740679879625,1.1289982534765852,1.0
2021-08-30,0.6352686851642102,0.9871444192835519,0.0,1.0130229989303676,1.0
2021-08-31,0.6326763589796656,0.7900818839364586,0.0,1.265691595177018,1.0
2021-09-01,0.6112668180130192,1.063201085352855,-0.0014815774540232196,1.0,1.0
2021-09-02,0.588103062608421,1.1763816246581384,-0.000950948487515646,1.0,1.0
2021-09-03,0.5745426233592306,0.8730720137958492,0.0,1.145380889775984,1.0
2021-09-07,0.581108462112719,0.872312811263917,-0.00024268675034355702,1.1463777524384557,1.0
2021-09-08,0.5965166180962458,1.0622399208524473,-0.003817404800343871,1.0,1.0
2021-09-09,0.6059510239747555,1.0076728457630668,-0.005030983008460388,1.0,1.0
2021-09-10,0.6255208547304262,1.0447948148108703,-0.009289774335991763,1.0,1.0
2021-09-13,0.6645279653900573,1.1119391927383708,-0.017101037428075117,1.0,1.0
2021-09-14,0.669573692815708,1.0486249071622065,-0.014585473695645446,1.0,1.0
2021-09-15,0.6862745591151282,1.1092186091265452,-0.01990334711254782,1.0,1.0
2021-09-16,0.7034251210975171,1.0481941280243896,-0.011716930752224908,1.0,1.0
2021-09-17,0.6313909978060193,1.2044619794935851,-0.013283560399531713,1.0,1.0
2021-09-20,0.7062077151638264,1.3586495364917768,-0.022895255820726157,1.0,1.0
2021-09-21,0.8265918162403781,1.60960454477079,-0.03918762632712092,1.0,1.0
2021-09-22,0.7878833149013883,1.1274914478305529,-0.040095245882125874,1.0,1.0
2021-09-23,0.8641308088064382,1.296930177752697,-0.030731654326238034,1.0,1.0
2021-09-24,0.954754185636247,1.1362714482310479,-0.01895499085302077,1.0,1.0
2021-09-27,0.9448787273130849,1.0473529726316504,-0.017338884889051664,1.0,1.0
2021-09-28,0.9062148111500037,1.0363052484493778,-0.020150295326662127,1.0,1.0
2021-09-29,1.0644369984305582,1.5221853694793566,-0.03989604050788553,1.0644369984305582,1.0644369984305582
2021-09-30,1.069921107036108,1.2341886178977552,-0.038280151228515025,1.069921107036108,1.069921107036108
2021-10-01,1.112549592121401,1.6898498638957462,-0.050034423959885,1.112549592121401,1.112549592121401
2021-10-04,1.183765125849959,1.668937361465764,-0.03874501192054203,1.183765125849959,1.183765125849959
2021-10-05,1.2273975334551814,1.5075114154948064,-0.05114139334552925,1.2273975334551814,1.2273975334551814
2021-10-06,1.2877461422302234,1.2054817933353728,-0.04126830407031912,1.2877461422302234,1.2877461422302234
2021-10-07,1.3005679590559998,1.3785526038098472,-0.03728397990091448,1.3005679590559998,1.3005679590559998
2021-10-08,1.3332975198601058,1.0741347465974271,-0.028960763330725392,1.3332975198601058,1.3332975198601058
2021-10-11,1.315445451781892,1.0408026575951785,-0.030731654326238034,1.315445451781892,1.315445451781892
2021-10-12,1.3257545344249737,0.8445186014330522,-0.03774891282114112,1.5698346160467263,1.3257545344249737
2021-10-13,1.3196423022644805,1.1505399967507952,-0.04011756439577352,1.3196423022644805,1.3196423022644805
2021-10-14,1.2947994866282366,1.213938662580841,-0.03666411749274545,1.2947994866282366,1.2947994866282366
2021-10-15,1.4050136069331833,1.045746967425338,-0.02046022653074664,1.4050136069331833,1.4050136069331833
2021-10-18,1.3908649036030156,1.121848390007343,-0.013000281401065239,1.3908649036030156,1.3908649036030156
2021-10-19,1.278905177015517,0.9801904077069327,-0.010078145133610605,1.304751777776933,1.278905177015517
2021-10-20,1.2895095423269427,0.9330958491984949,-0.0024410964587380235,1.3819690050433704,1.2895095423269427
2021-10-21,1.2674792224194527,0.9797879196826357,0.0,1.2936260969925035,1.2674792224194527
2021-10-22,1.2236456117882044,0.9634319277216478,0.0,1.2700903681715403,1.2236456117882044
2021-10-25,1.225393275640103,1.0314011422723395,-0.0010362100192335966,1.225393275640103,1.225393275640103
2021-10-26,1.2252568713374041,0.8390067832472462,0.0,1.4603658704584446,1.2252568713374041
2021-10-27,1.0146838144795465,0.9900549955500958,0.0,1.0248762129782156,1.0146838144795465
2021-10-28,1.036222215175432,1.2303379388446198,-0.004430003286042594,1.036222215175432,1.036222215175432
2021-10-29,0.9538621563547424,1.0091569162962184,0.0,1.0,1.0
2021-11-01,0.9181764571093983,1.196934079804277,0.0,1.0,1.0
2021-11-02,0.7708683141272734,1.1424018479996092,0.0,1.0,1.0
2021-11-03,0.7396911782393225,1.082577855614021,0.0,1.0,1.0
2021-11-04,0.7451324172022561,1.2610802877614045,0.0,1.0,1.0
2021-11-05,0.7287730277742906,1.2555886008373425,0.0,1.0,1.0
2021-11-08,0.7124051604583599,1.0666269461827291,0.0,1.0,1.0
2021-11-09,0.6318954881807375,0.8129257394740862,0.0,1.2301246613828953,1.0
2021-11-10,0.6436726796806709,1.0027226667418827,-0.0033053701688950943,1.0,1.0
2021-11-11,0.7430275016671085,1.3340152882212928,-0.011323731728408615,1.0,1.0
2021-11-12,0.5991410024016458,0.7545990725047909,-0.011003937999538582,1.3252070356787393,1.0
2021-11-15,0.599792640153553,0.9549107980882378,-0.0035401360612379307,1.0472182344173218,1.0
2021-11-16,0.6039104953135699,0.8436211937418504,-0.0031989810019146248,1.185366142313871,1.0
2021-11-17,0.5815558348867733,0.8458731104948628,0.0,1.182210413823142,1.0
2021-11-18,0.5954570417388152,0.9429329434605653,-0.002428995426313252,1.060520800482374,1.0
2021-11-19,0.598976069454439,0.9943650485011696,0.0,1.0056668841159735,1.0
2021-11-22,0.6048025291422291,1.0373316268879411,-0.0017883088294387006,1.0,1.0
2021-11-23,0.6098776156243559,1.1502652966584441,-0.004598548111342304,1.0,1.0
2021-11-24,0.6114185761810448,1.1969424898349448,-0.003278624072616476,1.0,1.0
2021-11-26,0.5815961750688661,0.9202766035934437,-0.0006174510462180205,1.0866298198772597,1.0
2021-11-29,0.9109702072833743,1.2371131225339187,-0.02290688506192884,1.0,1.0
2021-11-30,0.9894235910568158,1.3126722604217782,-0.010921221818159577,1.0,1.0
2021-12-01,1.175915601847466,2.06446730374303,-0.030166328350172078,1.175915601847466,1.175915601847466
2021-12-02,1.2123985547304759,1.9116464841550345,-0.040938622837575545,1.2123985547304759,1.2123985547304759
2021-12-03,1.3036966083839776,1.58688876459339,-0.026249206131888303,1.3036966083839776,1.3036966083839776
2021-12-06,1.3135940696716455,1.7632580656252166,-0.03472222656362067,1.3135940696716455,1.3135940696716455
2021-12-07,1.3725686281027736,1.316365282990578,-0.023290108981603108,1.3725686281027736,1.3725686281027736
2021-12-08,1.5365301450701012,1.0814607415053483,-0.0030871163063410645,1.5365301450701012,1.5365301450701012
2021-12-09,1.5346139930864235,0.9930123879520332,-0.0004471293041407032,1.5454127377518194,1.5346139930864235
2021-12-10,1.527666853063186,0.9219973011181343,-0.007195885215649067,1.6569103306599031,1.527666853063186
2021-12-13,1.5546646635081773,0.8205820578692292,0.0,1.8945876876044663,1.5546646635081773
2021-12-14,1.5664187422655624,1.0477834779608373,-0.008858523480070879,1.5664187422655624,1.5664187422655624
2021-12-15,1.5814432479618368,1.0210614435622407,-0.01567743230078389,1.5814432479618368,1.5814432479618368
2021-12-16,1.657327570516313,1.4576831545722175,-0.00029735427474497644,1.657327570516313,1.657327570516313
2021-12-17,1.6804697175433971,1.136201519380869,-0.00911331935745141,1.6804697175433971,1.6804697175433971
2021-12-20,1.7077426710853125,1.1669026570668757,-0.01965927636168685,1.7077426710853125,1.7077426710853125
2021-12-21,1.7353970145346787,1.181123190831613,-0.03008365774869548,1.7353970145346787,1.7353970145346787
2021-12-22,1.8347969720614732,0.9483334214766755,-0.012858874205625703,1.9347593689194897,1.8347969720614732
2021-12-23,1.8579318227714694,0.8272162017618474,-0.0029885837445637886,2.246005117905514,1.8579318227714694
2021-12-27,1.8613007653539058,0.6858634242599752,0.0,2.7138067135774007,1.8613007653539058
2021-12-28,1.7423354897765058,0.7231679875674166,0.0,2.409309482347735,1.7423354897765058
2021-12-29,1.706759759884061,0.6982015408001515,-0.0008173206299030289,2.4445087272767743,1.706759759884061
2021-12-30,1.5561781437468694,0.7515454761032598,0.0,2.070637364242554,1.5561781437468694
2021-12-31,1.4964717367586455,0.7793812252346435,-0.002764481334762925,1.920076707400941,1.4964717367586455
2022-01-03,1.4455869938706563,0.8073591583054002,-0.005277689518177975,1.7905129074213502,1.4455869938706563
2022-01-04,1.401701408557841,1.1929304025762006,0.0,1.401701408557841,1.401701408557841
2022-01-05,1.3703115879083207,1.1862390409012287,-0.00033514178764115776,1.3703115879083207,1.3703115879083207
2022-01-06,1.3778634245013144,1.330986034782834,-0.01953072118306398,1.3778634245013144,1.3778634245013144
2022-01-07,1.3692270559446464,1.2462870881007715,-0.02045188465868053,1.3692270559446464,1.3692270559446464
2022-01-10,1.3551925816198287,1.1529927995733484,-0.024324460266198167,1.3551925816198287,1.3551925816198287
2022-01-11,1.3191068394305991,1.304371806681072,-0.025538362334146858,1.3191068394305991,1.3191068394305991
2022-01-12,1.3173407635054193,1.2559608883136577,-0.016662958372245518,1.3173407635054193,1.3173407635054193
2022-01-13,1.2935022529147162,1.0219916310047634,-0.014004352895590322,1.2935022529147162,1.2935022529147162
2022-01-14,1.2738926789870924,1.099149758606062,-0.027589914682456862,1.2738926789870924,1.2738926789870924
2022-01-18,1.2375849986423857,1.1620128925455075,-0.027192291139930602,1.2375849986423857,1.2375849986423857
2022-01-19,1.3050481210874587,1.3903928018050133,-0.04442030782269524,1.3050481210874587,1.3050481210874587
2022-01-20,1.2974874581197593,1.2945365098400496,-0.05434251939912149,1.2974874581197593,1.2974874581197593
2022-01-21,1.192740854256819,1.3809377917455241,-0.06480930234900772,1.192740854256819,1.192740854256819
2022-01-24,1.231946674542619,1.7892700337688594,-0.08316750371572468,1.231946674542619,1.231946674542619
2022-01-25,1.1975585304594916,2.253076405771272,-0.07927403279366474,1.1975585304594916,1.1975585304594916
2022-01-26,1.0818228643710432,1.5961671843693708,-0.09051503138823369,1.0818228643710432,1.0818228643710432
2022-01-27,1.0777991496966886,1.906721739918659,-0.09279697669981857,1.0777991496966886,1.0777991496966886
2022-01-28,1.0627248364003397,1.5075414912576914,-0.09727660543568128,1.0627248364003397,1.0627248364003397
2022-01-31,1.35997241718429,1.5505074947244675,-0.07485722612725632,1.35997241718429,1.35997241718429
2022-02-01,1.4929341478061973,1.4053213810757514,-0.0581942677550108,1.4929341478061973,1.4929341478061973
2022-02-02,1.4978061043884419,1.3352735705081213,-0.051830521438830934,1.4978061043884419,1.4978061043884419
2022-02-03,1.5372628583690047,1.164847350404673,-0.042619975689288436,1.5372628583690047,1.5372628583690047
2022-02-04,1.582062621139993,1.0918161196394824,-0.06512334463336533,1.582062621139993,1.582062621139993
2022-02-07,1.5942411189062358,1.1790614431942716,-0.06072722909275741,1.5942411189062358,1.5942411189062358
2022-02-08,1.593616618454319,0.8849290031061385,-0.06374146329411301,1.8008412119623798,1.593616618454319
2022-02-09,1.6197996232371534,0.9183823306295504,-0.05603810270816212,1.763753035325475,1.6197996232371534
2022-02-10,1.6576711099418995,0.9929095518301045,-0.042222216020934566,1.6695086746688295,1.6576711099418995
2022-02-11,1.7186875291824601,1.386827111139549,-0.05942954157789848,1.7186875291824601,1.7186875291824601
2022-02-14,1.7601712043452904,1.571110637325509,-0.07797627721589195,1.7601712043452904,1.7601712043452904
2022-02-15,1.7579963588879062,1.2116948758492152,-0.0809905794801613,1.7579963588879062,1.7579963588879062
2022-02-16,1.776044253583557,0.9226918956006505,-0.06616987999623491,1.9248508218741798,1.776044253583557
2022-02-17,1.7547152421978331,0.8694297090231343,-0.06512334463336533,2.0182370397365186,1.7547152421978331
2022-02-18,1.8300413825228938,0.9506970605127172,-0.08509354805095393,1.9249469242451853,1.8300413825228938
2022-02-22,1.7529567824217842,1.0075570390659132,-0.0910176079438677,1.7529567824217842,1.7529567824217842
2022-02-23,1.771177517636577,1.1730583260986955,-0.10077245281521485,2.6567662764548654,2.6567662764548654
2022-02-24,1.8071903925018242,1.1258722623940864,-0.11672340504600742,2.7107855887527363,2.7107855887527363
2022-02-25,1.8655054515671134,2.0152129056928336,-0.10343092216604233,2.7982581773506703,2.7982581773506703
2022-02-28,1.9655642095943373,1.22302092196526,-0.0836491849568165,1.9655642095943373,1.9655642095943373
2022-03-01,1.8315271651273266,1.3800805784051657,-0.08599361202328648,1.8315271651273266,1.8315271651273266
2022-03-02,1.7890727301016922,1.5728267286338071,-0.09991417947196657,1.7890727301016922,1.7890727301016922
2022-03-03,1.8670743715470162,1.3114364995740984,-0.08335610604991506,1.8670743715470162,1.8670743715470162
2022-03-04,1.8380243503555058,1.2838359965893769,-0.08791952023268812,1.8380243503555058,1.8380243503555058
2022-03-07,1.7368007598252377,1.3003954507759306,-0.09532980191173757,1.7368007598252377,1.7368007598252377
2022-03-08,1.8960189581478915,1.4814139697852478,-0.12199889343314729,2.844028437221837,2.844028437221837
2022-03-09,1.899972973199476,1.5356804202200578,-0.12865544640457316,2.849959459799214,2.849959459799214
2022-03-10,2.063194399210086,1.1997513655088998,-0.10529400830598967,3.094791598815129,3.0
2022-03-11,1.998533752533784,1.0835430132150545,-0.10933422287024164,2.997800628800676,2.997800628800676
2022-03-14,1.9717112158308874,0.9083313090384177,-0.12065907497463468,3.256044126539341,2.957566823746331
2022-03-15,1.914445223191451,1.1962946877948377,-0.12708557529735498,2.8716678347871767,2.8716678347871767
2022-03-16,2.0374697276124967,0.993894728845215,-0.10788992783901818,3.074978166922853,3.0
2022-03-17,2.0880670121831457,1.3022038732966321,-0.08810798644105078,2.0880670121831457,2.0880670121831457
2022-03-18,2.1228735278286277,0.9838612797473297,-0.0766993488897475,2.1576959796342563,2.1228735278286277
2022-03-21,2.050391642645043,1.0840644228855725,-0.06658642502880252,2.050391642645043,2.050391642645043
2022-03-22,2.038436923744954,0.9567664192137035,-0.06685956150195516,2.1305481492757625,2.038436923744954
2022-03-23,2.024296624011638,0.8313107032853762,-0.055940568552660386,2.435066234575748,2.024296624011638
2022-03-24,1.987356228247611,0.8440894096928073,-0.06809837459636137,2.3544380552895188,1.987356228247611
2022-03-25,1.9874882858010172,0.7761474046550887,-0.05405059756175501,2.560709826356032,1.9874882858010172
2022-03-28,1.9044045745645863,0.7595610257826545,-0.04943103147508188,2.507243670911473,1.9044045745645863
2022-03-29,1.9048087423726265,0.7938671393485139,-0.042669593553462004,2.3994049482080912,1.9048087423726265
2022-03-30,1.848145301663934,1.0046395747563714,-0.03082657848617054,1.848145301663934,1.848145301663934
2022-03-31,1.814946231768332,0.9274984485858323,-0.03681114630946891,1.9568186173632978,1.814946231768332
2022-04-01,1.8747537428359622,0.9729819672459226,-0.05163586150531074,1.9268124240190727,1.8747537428359622
2022-04-04,1.8499391447036957,0.941191633678385,-0.04894798897571373,1.9655286750411545,1.8499391447036957
2022-04-05,1.5853305036032324,0.833562755411158,-0.04080065400292632,1.9018730063356322,1.5853305036032324
2022-04-06,1.6029775380074318,0.9899306146308912,-0.052916669417542916,1.6192827197339719,1.6029775380074318
2022-04-07,1.474844376514656,1.0092334449509726,-0.06238687518330188,1.474844376514656,1.474844376514656
2022-04-08,1.4458561457598325,0.8398986186957693,-0.057662356083521105,1.7214650834942675,1.4458561457598325
2022-04-11,1.375216359573724,0.9027010629130919,-0.06018211321598699,1.5234460399722867,1.375216359573724
2022-04-12,1.4462841214292221,0.8538844187520507,-0.0762458456949765,1.6937703624372977,1.4462841214292221
2022-04-13,1.342477283835841,1.0313222529906423,-0.07966845737924155,1.342477283835841,1.342477283835841
2022-04-14,1.2387071724959717,0.821429796090032,-0.06912741779037967,1.507989092180684,1.2387071724959717
2022-04-18,1.241210115998113,0.8830452416564236,-0.08071846395071591,1.405601952703851,1.241210115998113
2022-04-19,1.2006222502600874,0.7635641743382665,-0.08034037446445552,1.5723920668496423,1.2006222502600874
2022-04-20,1.2762735669180323,0.8974671691091115,-0.06549469589115775,1.4220838498024952,1.2762735669180323
2022-04-21,1.22481658221851,0.927424661297767,-0.06618757635382755,1.320664236493987,1.22481658221851
2022-04-22,1.229914480441157,1.0096568607510712,-0.08015149987860981,1.229914480441157,1.229914480441157
2022-04-25,1.3288303533866117,1.064355811465967,-0.1053912021469221,1.9932455300799177,1.9932455300799177
2022-04-26,1.3285884955444833,1.189086251968837,-0.10020474005105673,1.9928827433167249,1.9928827433167249
2022-04-27,1.4576516650211322,1.142925032010098,-0.1262637836759133,2.1864774975316985,2.1864774975316985
2022-04-28,1.3967715463400063,1.1479667227723518,-0.12380678054998784,2.0951573195100095,2.0951573195100095
2022-04-29,1.5865740484730726,1.0842515274569877,-0.1016747628637037,2.379861072709609,2.379861072709609
2022-05-02,1.776787289311743,1.1524007857622336,-0.13487278939312997,2.6651809339676142,2.6651809339676142
2022-05-03,1.7741390951067266,1.4185656007733127,-0.12966509166815332,2.66120864266009,2.66120864266009
2022-05-04,1.7426491574222476,1.0042212186553168,-0.12567537978595456,2.6139737361333713,2.6139737361333713
2022-05-05,1.928286247546881,1.2876911713616739,-0.09904991659230222,1.928286247546881,1.928286247546881
2022-05-06,2.086312530993242,1.300365910929594,-0.1310722243484319,3.1294687964898635,3.0
2022-05-09,2.0678798010771917,1.2554364794948394,-0.1362586864442974,3.1018197016157876,3.0
2022-05-10,2.1767412381134776,1.343892530042413,-0.1639131928319678,3.2651118571702167,3.0
2022-05-11,2.163594219540806,1.171956703129886,-0.16198143121197794,3.245391329311209,3.0
2022-05-12,2.1791349487794527,1.3202001587101526,-0.1752944010290024,3.268702423169179,3.0
2022-05-13,2.1371950021744905,1.1473304823676398,-0.17615519270006208,3.205792503261736,3.0
2022-05-16,2.250826674632596,0.8321115096764968,-0.15645901057350564,4.0,3.0
2022-05-17,2.2478053504122557,0.7701919072260577,-0.15988169032068456,4.0,3.0
2022-05-18,2.2760328576563147,0.7683757934525742,-0.14260010812474488,4.0,3.0
2022-05-19,2.440012923441763,0.8483879524687197,-0.17716320445371037,4.0,3.0
2022-05-20,2.4291590387465725,0.9265352764101557,-0.1822029229073836,3.932649571894833,3.0
2022-05-23,2.35472954679157,0.9421184476538319,-0.181845864861493,3.7490979281674925,3.0
2022-05-24,2.398937520981629,0.6983948183351487,-0.1665383113550244,4.0,3.0
2022-05-25,2.3037373762809246,0.8228346278455525,-0.1729005602871002,4.0,3.0
2022-05-26,2.3010647772231065,0.690544699982986,-0.16559332585957165,4.0,3.0
2022-05-27,2.248678247154714,0.7177611089401724,-0.14892049836482257,4.0,3.0
2022-05-31,2.150654807409652,0.6771259569868474,-0.12802736183585817,4.0,3.0
2022-06-01,2.148271597460503,0.9790433912867205,-0.13291992826985644,3.291383635158054,3.0
2022-06-02,2.144922516009306,0.8510111575422087,-0.13993347122425903,3.780659919085,3.0
2022-06-03,2.052734998935954,0.7578890102416865,-0.12355487970594647,4.0,3.0
2022-06-06,1.9029389515645543,0.684828042857514,-0.1379385472202459,4.0,2.8544084273468315
2022-06-07,1.893915335820976,0.6681535007483899,-0.13531370094884465,4.0,2.840873003731464
2022-06-08,1.7230806799931482,0.6453533829662872,-0.12701948620803738,4.0,2.584621019989722
2022-06-09,1.7429567270889477,0.6030236552170634,-0.13651072341416626,4.0,2.6144350906334215
2022-06-10,1.791497316636579,0.7365575662794079,-0.1570470741488954,3.648385541036559,2.6872459749548687
2022-06-13,1.9225029868705883,1.0729651577772374,-0.18148887487851606,2.8837544803058823,2.8837544803058823
2022-06-14,2.0161652196526387,1.4105930199462087,-0.21256633326502083,3.0242478294789583,3.0
2022-06-15,2.0082791493572416,1.054612096897763,-0.2149391425665531,3.0124187240358626,3.0
2022-06-16,1.963208280813471,1.2217555847693116,-0.20374694508119195,2.9448124212202065,2.9448124212202065
2022-06-17,1.8921421038940718,1.192559915875611,-0.23009974824208812,2.8382131558411077,2.8382131558411077
2022-06-21,1.8913679325109392,1.1386133007187818,-0.22844010215154353,2.8370518987664086,2.8370518987664086
2022-06-22,1.9890044482238705,0.8858799168422494,-0.20901719262396756,3.367845478392401,2.983506672335806
2022-06-23,1.918713675037098,0.8495917180956093,-0.21045127821811838,3.3875924767804313,2.878070512555647
2022-06-24,1.9282192259527295,0.9106240458923722,-0.2027115720361885,3.176205210015882,2.892328838929094
2022-06-27,2.059916425276101,0.8292169846432285,-0.1773626287911978,3.726255847549449,3.0
2022-06-28,1.9926026513280142,0.7188658356219008,-0.18050488933344555,4.0,2.988903976992021
2022-06-29,1.9234160355183376,0.6888402456488758,-0.19724959126518682,4.0,2.885124053277506
2022-06-30,1.912983733815189,0.6429308307162899,-0.19790333555241124,4.0,2.8694756007227835
2022-07-01,1.8880801832862166,1.0046804193362546,-0.20441988311011305,2.832120274929325,2.832120274929325
2022-07-05,1.8256868872701457,0.9520033362659056,-0.19600526507476135,2.8765974094657114,2.7385303309052187
2022-07-06,1.7960473193899649,0.951666625726342,-0.1944869175933035,2.830897823099289,2.6940709790849473
2022-07-07,1.7875788734987605,0.8395838534544656,-0.1917664429279876,3.1936873240423314,2.681368310248141
2022-07-08,1.7979040488259215,0.6604880091426938,-0.1796612495166683,4.0,2.696856073238882
2022-07-11,1.7747728533508516,0.5527135187202178,-0.18033616137009012,4.0,2.662159280026277
2022-07-12,1.7184777588387992,0.6536820786683242,-0.18969971254989604,3.943379698445309,2.577716638258199
2022-07-13,1.6075841153451293,0.72974782457541,-0.19686986826899466,3.304396521388341,2.411376173017694
2022-07-14,1.3778019136920123,0.8482980894164166,-0.20108759091248474,2.4362932043850276,2.0667028705380184
2022-07-15,1.3756984380332182,0.8089764620158046,-0.20302786039670195,2.5508129765702785,2.0635476570498272
2022-07-18,1.3990613186344214,0.7850906467878652,-0.1878018462609875,2.673056909463705,2.098591977951632
2022-07-19,1.1997891578273947,0.6700321500703005,-0.1945079490336733,2.6859662428918782,1.799683736741092
2022-07-20,1.3009984051338985,0.6825055569183172,-0.1727442878369735,2.8593138735929804,1.9514976077008477
2022-07-21,1.2086914669414843,0.7275069601025639,-0.16747193034386954,2.4921235119958505,1.8130372004122264
2022-07-22,1.2070997684060405,0.7887028613058386,-0.1589942179874082,2.295731055940645,1.8106496526090607
2022-07-25,1.218743971497611,0.7448255414716514,-0.1667971546162752,2.4544216805916235,1.8281159572464163
2022-07-26,1.0330334420595932,0.6818282486210937,-0.16578485489905626,2.272640017809687,1.54955016308939
2022-07-27,1.0556455738845996,0.6522748456336844,-0.17565431771727336,2.4276091151247163,1.5834683608268993
2022-07-28,1.068849839066923,0.8519914960566821,-0.15424928001348193,1.881796668183787,1.6032747586003846
2022-07-29,1.0690950311135468,0.9046570190911557,-0.14364140264325054,1.7726525222579772,1.6036425466703201
2022-08-01,1.057376011396973,0.9489971423386722,-0.13115675848739428,1.6713053668284228,1.5860640170954596
2022-08-02,1.0505599139127375,0.9045935109263039,-0.13372967275555236,1.7420419799998852,1.5758398708691064
2022-08-03,1.0598612825056193,0.8571994373562616,-0.13944484756595787,1.8546348194786484,1.5897919237584288
2022-08-04,1.083941266901073,0.7999102538255326,-0.1259690712590802,2.032617900040365,1.6259119003516096
2022-08-05,1.0599323878856421,0.7032579412022921,-0.12655944897353977,2.2607616475832,1.5898985818284632
2022-08-08,1.055897692925103,0.732797342370013,-0.12803552938551643,2.1613704742230344,1.5838465393876544
2022-08-09,1.0157213818203608,0.7508454107783891,-0.1290479652285631,2.02915547043308,1.5235820727305411
2022-08-10,0.9969533177174739,0.646026087253483,-0.13250637800549658,2.321887659950551,1.5
2022-08-11,1.0274559495043207,0.949701964742849,-0.11428559566177876,1.6228079771044674,1.541183924256481
2022-08-12,1.0166686013141581,0.8768071730283407,-0.11428559566177876,1.7392682780002133,1.5250029019712372
2022-08-15,1.0008733148991966,0.7767089520162292,-0.09929140381052948,1.2886079300374582,1.0008733148991966
2022-08-16,0.9653393197579775,0.7567594740175339,-0.0955798650571058,1.32142382663693,1.0
2022-08-17,0.872061718206074,0.7586600408466131,-0.09380818741041641,1.3181134449681413,1.0
2022-08-18,0.8982062509863175,0.8845687821321315,-0.10024040501789744,1.6957415073867474,1.5
2022-08-19,0.8898302864647618,0.7364695203486182,-0.097625359806086,1.357829444899004,1.0
2022-08-22,0.9151252914795515,0.826632008752611,-0.10975151659486138,1.8145922056218247,1.5
2022-08-23,1.019242245405674,0.8418678035309854,-0.12828872342492026,1.816037341844063,1.528863368108511
2022-08-24,0.9859402538754641,0.9425647210350623,-0.13039751668375155,1.5914026554620029,1.5
2022-08-25,0.874036906425487,0.7130984131191185,-0.12761367544567082,2.103496477350083,1.5
2022-08-26,0.8817597590776268,0.7309313093554902,-0.1152977592531701,2.0521764231479533,1.5
2022-08-29,1.0649998921295953,0.9967203089462177,-0.14524414813784292,1.6027563839682863,1.597499838194393
2022-08-30,1.0684579255437536,0.8782767645957407,-0.15089602443839756,1.8248084805628741,1.6026868883156304
2022-08-31,1.0782693030458386,0.958624279981535,-0.1602173085487223,1.6872136334789185,1.6174039545687577
2022-09-01,1.0295659123459682,1.0088891896475631,-0.1666073271496361,1.5443488685189521,1.5443488685189521
2022-09-02,1.0316577737362393,1.3013445074802807,-0.16399228193782467,1.547486660604359,1.547486660604359
2022-09-06,1.0417213634643718,1.0593309017628851,-0.17280751828391072,1.5625820451965577,1.5625820451965577
2022-09-07,1.0406381230607196,1.1321639807997093,-0.17592867932287481,1.5609571845910795,1.5609571845910795
2022-09-08,1.106963708707302,1.098016159499286,-0.1611241788124369,1.6604455630609531,1.6604455630609531
2022-09-09,1.029273598095574,0.9708868945556864,-0.15564109853815156,1.5902062390593,1.5439103971433612
2022-09-12,1.0790128451711782,0.9910438609617889,-0.14252367347252703,1.6331459499542489,1.6185192677567675
2022-09-13,1.0460294559867591,0.9758679202468403,-0.13330795494153413,1.6078448234913365,1.5690441839801386
2022-09-14,1.2862133162762732,1.32420898904189,-0.1709937777564816,1.9293199744144098,1.9293199744144098
2022-09-15,1.2868609602275085,0.984366464077368,-0.1678304177109503,1.9609479912041659,1.9302914403412628
2022-09-16,1.2873855214123933,1.0589029723777055,-0.17727836690389087,1.93107828211859,1.93107828211859
2022-09-19,1.2750214801296036,1.2884571215225167,-0.18355485656455572,1.9125322201944055,1.9125322201944055
2022-09-20,1.279643796052107,0.9349731395920124,-0.1772233040066119,2.0529634625821913,1.9194656940781605
2022-09-21,1.2440464734864864,0.9511529532970123,-0.18666757780220633,1.961902871416539,1.8660697102297297
2022-09-22,1.2678586866377377,1.24082623371212,-0.200855292187623,1.9017880299566066,1.9017880299566066
2022-09-23,1.261402647498821,1.1544174527606694,-0.2075679290000353,1.8921039712482313,1.8921039712482313
2022-09-26,1.2235549926863598,1.5014049700928325,-0.22084502966147757,1.8353324890295397,1.8353324890295397
2022-09-27,1.1068206998404695,1.3400366681410782,-0.22855281433682662,1.6602310497607042,1.6602310497607042
2022-09-28,1.1061127338333077,1.4506286248844595,-0.23052207862233043,1.6591691007499616,1.6591691007499616
2022-09-29,1.180447022228228,1.3846401622817204,-0.2153816195692856,1.7706705333423418,1.7706705333423418
2022-09-30,1.2161445789971004,1.159868982616013,-0.23177150953129222,1.8242168684956506,1.8242168684956506
2022-10-03,1.2222851644920996,1.29364318966101,-0.24365107438330402,1.8334277467381495,1.8334277467381495
2022-10-04,1.335086610710562,1.384860211726583,-0.22368243641273322,2.002629916065843,2.002629916065843
2022-10-05,1.463702779778957,1.29941959684254,-0.19962702884485872,2.1955541696684353,2.1955541696684353
2022-10-06,1.4171853087501012,1.1047077349274963,-0.20149059142520276,2.125777963125152,2.125777963125152
2022-10-07,1.4075611275034903,1.0334367036169694,-0.20972770138131647,2.1113416912552356,2.1113416912552356
2022-10-10,1.4195033654089246,0.9797237467187372,-0.23177150953129222,2.1733218728693955,2.1292550481133867
2022-10-11,1.3850242036643412,0.9034031135644077,-0.23763710338123623,2.2996780443887577,2.077536305496512
2022-10-12,1.2019256834733731,1.1879389045656412,-0.2424652822987623,1.8028885252100597,1.8028885252100597
2022-10-13,1.1905444431353651,0.92620245374053,-0.24496393992794452,1.9281061688952654,1.7858166647030478
2022-10-14,1.2991147176322138,1.4672444186675933,-0.2250377051526825,1.9486720764483207,1.9486720764483207
2022-10-17,1.3381221696514463,1.0813986490005312,-0.24269798940110698,2.0071832544771695,2.0071832544771695
2022-10-18,1.4150494525068102,0.9782251878814959,-0.2232378494596724,2.169821637241821,2.1225741787602153
2022-10-19,1.4243587554826054,0.9785265918317205,-0.21411102109412627,2.183423681133168,2.136538133223908
2022-10-20,1.3908343421835023,0.8535216519746768,-0.2196803370802194,2.444286572518199,2.0862515132752533
2022-10-21,1.3830784098905375,0.9279182595500167,-0.2262235653001381,2.235776258828949,2.074617614835806
2022-10-24,1.414670890095771,1.2899091981467186,-0.20741948378499775,2.1220063351436567,2.1220063351436567
2022-10-25,1.4118297132578381,0.9386195671142901,-0.19772126725794736,2.2562331364959625,2.1177445698867574
2022-10-26,1.4250759711424381,0.9886190018012028,-0.1849099891786773,2.1622222037195895,2.137613956713657
2022-10-27,1.400190338261759,1.1756187094252775,-0.19105096557793,2.1002855073926385,2.1002855073926385
2022-10-28,1.338180474349447,0.954763581153187,-0.19537078259214746,2.1023746099529053,2.0072707115241704
2022-10-31,1.3329644095534616,0.9386870684541606,-0.17622795195493368,2.130045977540632,1.9994466143301923
2022-11-01,1.2790611939371224,1.0219928811071284,-0.18217835219549516,1.9185917909056835,1.9185917909056835
2022-11-02,1.1714083993705409,1.0101431660550855,-0.18575703214114558,1.7571125990558114,1.7571125990558114
2022-11-03,1.235743975845458,1.2367596587701535,-0.2061914926938886,1.853615963768187,1.853615963768187
2022-11-04,1.2308309473216419,0.9991762208324344,-0.2143653041401513,1.8477685742404044,1.846246420982463
2022-11-07,1.1548278800155565,1.076335052447552,-0.20305746776421296,1.7322418200233347,1.7322418200233347
2022-11-08,1.1476156644800932,0.8070590778487123,-0.19543435335365378,2.1329584710313245,1.7214234967201398
2022-11-09,1.1358603617706604,0.9835616637567255,-0.19109330071032504,1.7322661155258352,1.7037905426559905
2022-11-10,1.1948322329601262,0.9627643239330314,-0.2077585051587264,1.861564980013588,1.7922483494401893
2022-11-11,1.4135692720032293,1.5143703317783963,-0.16422144976865072,2.120353908004844,2.120353908004844
2022-11-14,1.3349345633805747,1.1166558843869923,-0.15613237665009172,2.002401845070862,2.002401845070862
2022-11-15,1.3055343988783383,1.001412440941503,-0.16331097217050383,1.9583015983175076,1.9583015983175076
2022-11-16,1.2994406981815871,1.2447705712261115,-0.15617471178248676,1.9491610472723808,1.9491610472723808
2022-11-17,1.2966077011607895,0.9169421025766114,-0.16261217023433172,2.1210843588444397,1.9449115517411841
2022-11-18,1.2768437586454477,0.893955365784566,-0.1651743305621064,2.1424622652018743,1.9152656379681716
2022-11-21,1.2227868467212744,0.8039150249616471,-0.1613838388286536,2.28155988273688,1.8341802700819114
2022-11-22,1.2093492844647582,0.7779956591850379,-0.16443332961936696,2.3316633007918766,1.8140239266971374
2022-11-23,1.1972071287985377,0.7217209203063544,-0.15318906400493482,2.4882342227734306,1.7958106931978066
2022-11-25,1.185785924820042,0.7527712592456798,-0.147852591247014,2.362841122564113,1.778678887230063
2022-11-28,1.174312059203363,0.3183311900910214,-0.14804337159444658,4.0,1.7614680888050445
2022-11-29,1.1543133085966413,0.8107887215366012,-0.16163805381176477,2.135537800295855,1.731469962894962
2022-11-30,1.1422878888679768,0.7240235586747009,-0.16307792475359018,2.3665415479550704,1.7134318333019651
2022-12-01,1.2212989905624758,1.2269474078714342,-0.13671450377813832,1.8319484858437138,1.8319484858437138
2022-12-02,1.1364967291802361,1.3053096451985156,-0.1373495988269765,1.704745093770354,1.704745093770354
2022-12-05,1.115155263512062,1.0124698918437238,-0.13834481475282712,1.672732895268093,1.672732895268093
2022-12-06,1.1544803487315505,1.0587784545765264,-0.15384546274579813,1.7317205230973256,1.7317205230973256
2022-12-07,1.1779498752971866,0.9332213008901806,-0.16604267721659993,1.893360997290082,1.76692481294578
2022-12-08,1.1700572336539996,0.9458235252338693,-0.16746124446639998,1.855616617325127,1.7550858504809994
2022-12-09,1.1112136784161961,0.7838497517127376,-0.16093938800142038,2.1264540991207,1.666820517624294
2022-12-12,0.7614093576815945,0.8542769055302498,-0.16720723367203028,1.7558709480375683,1.5
2022-12-13,0.7788508609871654,0.8713036487590439,-0.15520066342283356,1.7215582674724,1.5
2022-12-14,0.7740291805004436,1.3842981784188761,-0.14880581235503876,1.5,1.5
2022-12-15,0.771676335460788,1.2122835282142908,-0.15424778262937788,1.5,1.5
2022-12-16,0.8489122383435906,1.1293060786285056,-0.17493645816523207,1.5,1.5
2022-12-19,0.8646430930404146,1.0558081616539088,-0.18467700982467739,1.5,1.5
2022-12-20,0.8665618830780114,0.834314476494667,-0.19159077254742274,1.7978832230050465,1.5
2022-12-21,0.8672328139417516,0.8722505453498762,-0.19048454600913445,1.719689380530363,1.5
2022-12-22,0.8735673316146333,0.8832023663778981,-0.1783803054786085,1.6983650147492824,1.5
2022-12-23,0.8847968282076834,0.74448048366591,-0.1901018282447342,2.014827833516632,1.5
2022-12-27,0.892820229620609,0.6013886917533635,-0.18544285373096048,2.494227145553258,1.5
2022-12-28,0.8668193389676538,0.7383217113872544,-0.18865508294861344,2.0316346883279452,1.5
2022-12-29,0.8819448331221693,0.8059660767910649,-0.19873846750496127,1.8611205151117711,1.5
2022-12-30,0.777915256277697,0.781672263999229,-0.1843155957523025,1.9189628045974514,1.5
2023-01-03,0.777266134267833,0.8443313242478565,-0.18646400162697585,1.7765537732906256,1.5
2023-01-04,0.7770283511742202,1.0805317543847166,-0.18988892745031083,1.5,1.5
2023-01-05,0.7552191031290342,1.0135582661185336,-0.18363462629955074,1.5,1.5
2023-01-06,0.7446158971849014,0.8718259908337808,-0.1929521669496156,1.720526820455832,1.5
2023-01-09,0.829866831796355,1.0692267708732324,-0.17444483973872282,1.5,1.5
2023-01-10,0.8198230328224182,1.0248411316906445,-0.17491290839705098,1.5,1.5
2023-01-11,0.8205596178306048,0.8728960125278826,-0.16912674396753302,1.7184177479010834,1.5
2023-01-12,0.8136194934824986,1.0025081836958896,-0.1586180342627347,1.5,1.5
2023-01-13,0.8069616337744215,1.1566314599266285,-0.15555479476343004,1.5,1.5
2023-01-17,0.8034047153284362,0.877080265165686,-0.15227858640678793,1.7102197593245818,1.5
2023-01-18,0.7053097918513546,0.9666932887787313,-0.1538315098484654,1.5516814044452714,1.5
2023-01-19,0.7249800540325572,1.257716282378357,-0.16719076244688624,1.5,1.5
2023-01-20,0.7214561861338378,1.006887354366148,-0.17325353455816173,1.5,1.5
2023-01-23,0.7672324039052439,0.9823551242683802,-0.15785212229353773,1.5269427144456964,1.5
2023-01-24,0.7567349810700921,1.0723839913034101,-0.14774750210807863,1.5,1.5
2023-01-25,0.7150054261111701,0.8390324795450231,-0.14866213154396857,1.7877734611816167,1.5
2023-01-26,0.7138617040592306,0.8434378348359353,-0.14834325679272986,1.778435751926849,1.5
2023-01-27,0.7181155903958569,0.8701126143456408,-0.13898310875861486,1.72391478444208,1.5
2023-01-30,0.6760491559804668,0.8673823709225433,-0.137004860168487,1.729341119078323,1.5
2023-01-31,0.6789756405767083,0.945793891864874,-0.14783251268743758,1.5859692189831838,1.5
2023-02-01,0.6988837514666482,0.8849556685543465,-0.13530294700846135,1.6950001602344476,1.5
2023-02-02,0.6975445103546338,1.5416390916367486,-0.12611309238471968,1.5,1.5
2023-02-03,0.713774772780202,1.271785828574821,-0.11339199766625885,1.5,1.5
2023-02-06,0.7098256597288444,1.2721824911793684,-0.12281578452479391,1.5,1.5
2023-02-07,0.6608916403285111,0.9641758853220637,-0.12817655574294773,1.5557327483864163,1.5
2023-02-08,0.675964979815789,1.0481636506990972,-0.1167742480426297,1.5,1.5
2023-02-09,0.7063391692612881,0.885442452050645,-0.1264322393876136,1.6940683118660815,1.5
2023-02-10,0.7066179619618247,0.9938308354518748,-0.13400532755651617,1.5093111890797597,1.5
2023-02-13,0.7059542967740189,0.8524219808818719,-0.13198433545651056,1.7596918353139803,1.5
2023-02-14,0.7219672792836713,0.7498898920177937,-0.12179477275460615,2.0002936643989426,1.5
2023-02-15,0.7206233282383081,1.0020113651749583,-0.12219893033685902,1.5,1.5
2023-02-16,0.6647720450420731,0.8530897002335158,-0.1193482513174089,1.7583145120488568,1.5
2023-02-17,0.6944404973504944,0.9821983082974409,-0.13147393166578736,1.5271865033041294,1.5
2023-02-21,0.649504539542414,0.9184726819955166,-0.13364364123248607,1.6331460144694014,1.5
2023-02-22,0.7018901848958051,0.8878052988861689,-0.15102357433889302,1.689559638675151,1.5
2023-02-23,0.7020003280889989,0.9729217701962093,-0.152193507764515,1.5417478012620633,1.5
2023-02-24,0.7067551459698304,0.9813395541332044,-0.1476837952207447,1.5285229191896956,1.5
2023-02-27,0.7023827551387252,1.125113130668851,-0.15678843507638596,1.5,1.5
2023-02-28,0.7037979732250677,0.860834454263409,-0.15391658849073842,1.7424953108824002,1.5
2023-03-01,0.6860898464965214,0.9937277850121828,-0.1570436710032045,1.509467705969005,1.5
2023-03-02,0.643595823277437,1.140343601028609,-0.16027720391288236,1.5,1.5
2023-03-03,0.6322003105700091,1.0255398819079167,-0.15374643120619247,1.5,1.5
2023-03-06,0.6415270494174644,1.1173321343967293,-0.14017455006500346,1.5,1.5
2023-03-07,0.6254962569345697,0.9084362599412114,-0.1395787273174386,1.6511890444543362,1.5
2023-03-08,0.6582532497612116,1.0793322451346858,-0.15276795875714122,1.5,1.5
2023-03-09,0.6238125562464851,1.0240163632849435,-0.15138498841126802,1.5,1.5
2023-03-10,0.6600084420789862,1.243081143386982,-0.16704204498019337,1.5,1.5
2023-03-13,0.6791306347527041,1.8314051110219953,-0.17906113880553265,1.5,1.5
2023-03-14,0.6786698115268768,2.1867161144254625,-0.1802311402940685,1.5,1.5
2023-03-15,0.7113400833807398,1.557742464809047,-0.16668022253033543,1.5,1.5
2023-03-16,0.7194468934538802,1.8927329425137884,-0.17189214015596888,1.5,1.5
2023-03-17,0.796077126461995,1.6632919115212454,-0.1573628180060983,1.5,1.5
2023-03-20,0.7969772800225171,1.571228997561429,-0.1672154692846023,1.5,1.5
2023-03-21,0.8253345354801739,1.0962758918095734,-0.1592078674738837,1.5,1.5
2023-03-22,0.7997234929612453,1.0030221015090564,-0.14816779060090635,1.5,1.5
2023-03-23,0.8596048027446372,1.2331347665833812,-0.16268853682363593,1.5,1.5
2023-03-24,0.8692342760063069,1.211062359133414,-0.16042496849878196,1.5,1.5
2023-03-27,0.8602043227741183,1.1193476151846544,-0.15491561593976266,1.5,1.5
2023-03-28,0.8630563257207216,0.899126464097391,-0.15333533120673026,1.6682858973635148,1.5
2023-03-29,0.8668038164455808,0.9016568620344914,-0.1552359880751053,1.6636040418030111,1.5
2023-03-30,0.8985197753582119,0.8636018005186654,-0.14295730229646308,1.7369116172512888,1.5
2023-03-31,0.8974043508317683,0.834689251900426,-0.13793922784938417,1.797075973585128,1.5
2023-04-03,0.8906439793851513,1.0842203671026924,-0.12578877260037558,1.5,1.5
2023-04-04,0.893647601944612,1.0860485505485409,-0.12245743328354075,1.5,1.5
2023-04-05,0.8573396296030279,1.0016359116510245,-0.12732631382353032,1.5,1.5
2023-04-06,0.8603006796339093,1.0058065619618837,-0.1296111858404092,1.5,1.5
2023-04-10,0.78290417403198,0.8691589705900304,-0.12621600351041284,1.7258062687677511,1.5
2023-04-11,0.7220961918857036,0.7625042496764866,-0.12531913849502962,1.967202150855443,1.5
2023-04-12,0.7192944538594949,0.8591671647754484,-0.12508404919070149,1.7458767763687053,1.5
2023-04-13,0.6880068077758057,0.9861075930611852,-0.12865020556020912,1.5211321873544574,1.5
2023-04-14,0.6946239526736238,0.9968429072055668,-0.11707624319124132,1.504750637394738,1.5
2023-04-17,0.6502930136602384,0.9899617825832203,-0.11923308886722828,1.5152100074872372,1.5
2023-04-18,0.5995356435288052,0.8484559485244714,-0.11607272358990484,1.7679173593026398,1.5
2023-04-19,0.5885487172259228,0.7688988229670934,-0.11549616264695028,1.9508418470608007,1.5
2023-04-20,0.557939187578318,0.773991279820499,-0.11564556074278143,1.93800633044325,1.5
2023-04-21,0.4631771085079457,0.8214029701356605,-0.12047162970997916,1.8261438715667955,1.5
2023-04-24,0.4640692179789785,0.8444698481534816,-0.11978820999233009,1.7762623535699955,1.5
2023-04-25,0.4582817158535777,0.7150865741660387,-0.11887017741074934,2.0976481089011596,1.5
2023-04-26,0.55274818166263,0.9837277354221152,-0.13285697007457453,1.5248121466823883,1.5
2023-04-27,0.5576601369407991,1.0045523272298187,-0.13652991715586316,1.5,1.5
2023-04-28,0.6035490864826084,0.9544412964043153,-0.1193399476419229,1.5716000613667684,1.5
2023-05-01,0.611412325336559,1.0066831242801118,-0.11182335169148927,1.5,1.5
2023-05-02,0.5707126318350186,0.9172874388208108,-0.1127202167068726,1.6352562310547678,1.5
2023-05-03,0.6038863641881311,1.0733440483595718,-0.12269245452495525,1.5,1.5
2023-05-04,0.6084211902686666,1.0875551695612302,-0.12871432082502599,1.5,1.5
2023-05-05,0.6198028989358532,1.1562648216220202,-0.13488558522092775,1.5,1.5
2023-05-08,0.6984861953123644,0.8654399747844009,-0.11887017741074934,1.7332224575987274,1.5
2023-05-09,0.7016776517910998,0.7035943615285313,-0.11863515616933484,2.1319102056777552,1.5
2023-05-10,0.7109154768646049,0.8811663590056197,-0.12250010873050488,1.7022892268523768,1.5
2023-05-11,0.7134885398208215,0.9316161911005694,-0.1184002029908342,1.6101051208952986,1.5
2023-05-12,0.6761333121123544,0.9606611953379433,-0.11993774421398873,1.561424576405761,1.5
2023-05-15,0.6774887700785722,0.815880167576879,-0.12109086609989772,1.838505284979436,1.5
2023-05-16,0.6800729663814661,0.7375883747109098,-0.11805859522638018,2.0336546120156918,1.5
2023-05-17,0.6905914705378724,0.8515320158498035,-0.12395236712264512,1.7615309490190394,1.5
2023-05-18,0.729252612331816,0.992127808990454,-0.11331801327893831,1.511901981183588,1.5
2023-05-19,0.7439805890305721,1.004898856159101,-0.1047763898464017,1.5,1.5
2023-05-22,0.7471376067531901,0.9715116182873368,-0.10607904595396944,1.5439856526310283,1.5
2023-05-23,0.7486937665816545,0.8203025260249143,-0.10571593030874904,1.828593661985678,1.5
2023-05-24,0.717829591964024,0.9856151617985036,-0.11575241951747617,1.521892172663894,1.5
2023-05-25,0.727835783525346,0.9489923022321681,-0.12215856902896483,1.5806239908077035,1.5
2023-05-26,0.6533137697725057,1.0662761336804842,-0.11455669024751691,1.5,1.5
2023-05-30,0.6800334623058335,0.8736201854785886,-0.10308951859032989,1.7169932940346002,1.5
2023-05-31,0.6808861583168692,1.0325625980455835,-0.10274784276296223,1.5,1.5
2023-06-01,0.6560207357164193,1.2535874155340072,-0.10772330982599099,1.5,1.5
2023-06-02,0.6588083739763496,1.1661672218525656,-0.09924573359535738,1.0,1.0
2023-06-05,0.6765692021450233,1.2750743319878666,-0.08621964896007694,1.0,1.0
2023-06-06,0.6092026112971012,0.8751990218575153,-0.08797083966970698,1.1425972550536083,1.0
2023-06-07,0.6097633187799079,0.8839567617254637,-0.08598489997031777,1.1312770525653568,1.0
2023-06-08,0.6078911648408967,1.0614544587361707,-0.08914540137346871,1.0,1.0
2023-06-09,0.6113911977791162,0.9384071432747462,-0.08363598075153567,1.065635536948615,1.0
2023-06-12,0.6075788066108877,0.8428570988126255,-0.08199185300534173,1.1864407399649946,1.0
2023-06-13,0.6180358686593891,0.8479756435482765,-0.07366381099636687,1.1792791545469297,1.0
2023-06-14,0.6243427584197178,1.0883088976599675,-0.06755638961362653,1.0,1.0
2023-06-15,0.5983792926993428,1.233581766011498,-0.06644614736342314,1.0,1.0
2023-06-16,0.600826625503417,1.2466632544198857,-0.05487218499445523,1.0,1.0
2023-06-20,0.6022222812952306,1.149178164461572,-0.058091356629317414,1.0,1.0
2023-06-21,0.6192053657062638,1.0250475904376597,-0.06297834190438267,1.0,1.0
2023-06-22,0.6360741952709641,1.025487345505271,-0.06777922759346755,1.0,1.0
2023-06-23,0.579090735951599,0.947711788084793,-0.06441433326012036,1.0551731154688653,1.0
2023-06-26,0.5827796143298761,0.9965833628746349,-0.07148729513828644,1.0034283505551507,1.0
2023-06-27,0.5861218150777926,0.8289198108721266,-0.07528091776577495,1.2063893115883861,1.0
2023-06-28,0.5740676030342665,0.8936702247244326,-0.06514308287837245,1.1189809980615106,1.0
2023-06-29,0.574372016101873,0.9317315128153673,-0.06467161107435337,1.0732705572857026,1.0
2023-06-30,0.5548980470874634,0.9811833387714621,-0.06098498334738722,1.0191775180896347,1.0
2023-07-03,0.5685118947540337,1.1533405242189807,-0.049903932600291245,1.0,1.0
2023-07-05,0.5169798407964322,0.6691743173265691,-0.04881091026728379,1.4943789295368042,1.0
2023-07-06,0.515986679895209,0.9580401254019052,-0.050225461805168514,1.0437976171201517,1.0
2023-07-07,0.5500306473353411,1.206212124511489,-0.057662764461004046,1.0,1.0
2023-07-10,0.5481497893447682,1.0298121717537894,-0.06004197167643521,1.0,1.0
2023-07-11,0.5429872680790646,0.8597363604831924,-0.057662764461004046,1.1631472692837792,1.0
2023-07-12,0.5528621227305514,0.8913826705410853,-0.05166145316090642,1.1218526375355513,1.0
2023-07-13,0.5489517159631646,1.242858994613477,-0.044031260207310075,1.0,1.0
2023-07-14,0.5553756032157879,1.07569455038757,-0.03644387882650557,1.0,1.0
2023-07-17,0.5575063914978571,1.0614309719802824,-0.03704385341181349,1.0,1.0
2023-07-18,0.5136705195146871,0.8745938468721799,-0.03370033083340518,1.1433878749276725,1.0
2023-07-19,0.5193416910352865,1.0145125732460827,-0.026520169865975274,1.0,1.0
2023-07-20,0.501147256301185,1.0592124669615444,-0.024355428891985498,1.0,1.0
2023-07-21,0.5120602860046125,1.2847564674701073,-0.030828416184843666,1.0,1.0
2023-07-24,0.514474385449939,1.0208738704145932,-0.030828416184843666,1.0,1.0
2023-07-25,0.4805463937540317,1.0047524602075761,-0.026498730048122532,1.0,1.0
2023-07-26,0.46207970229543743,0.8315429494691587,-0.023840941326433218,1.2025837037502165,1.0
2023-07-27,0.4328663585148848,0.9990762710246139,-0.023690930664377774,1.00092458303953,1.0
2023-07-28,0.46852566612959706,1.2479983330282172,-0.03016391795723594,1.0,1.0
2023-07-31,0.4943979458595419,0.9116924588881415,-0.020668801165019235,1.0968611073294983,1.0
2023-08-01,0.4511567410974271,1.0620365150779736,-0.018804149578054208,1.0,1.0
2023-08-02,0.4627448817522031,1.0207484520952697,-0.021612017024712715,1.0,1.0
2023-08-03,0.5605096478731428,1.2103701274044887,-0.035222217586381444,1.0,1.0
2023-08-04,0.5402668174247844,0.9668050973315273,-0.03798713733442083,1.034334637622509,1.0
2023-08-07,0.5506384307229155,1.089289494640452,-0.04233792297442551,1.0,1.0
2023-08-08,0.5744714882006986,0.8443933506398721,-0.033979048465490935,1.1842821822817657,1.0
2023-08-09,0.574857645995202,0.9644063052205405,-0.038179959569267785,1.036907364237234,1.0
2023-08-10,0.5724108069520072,0.8468816497053783,-0.04460999916350683,1.18080253639678,1.0
2023-08-11,0.54722495136664,0.9909651503346651,-0.0442670301407766,1.0091172223990759,1.0
2023-08-14,0.54840695196163,0.8523446234436032,-0.0448243292791205,1.1732343614251315,1.0
2023-08-15,0.5576090814848684,0.8232550473509339,-0.03955176759727497,1.2146903966368565,1.0
2023-08-16,0.5789387452804305,0.9979064336171423,-0.050739813244893295,1.0020979585984522,1.0
2023-08-17,0.5887624714660954,0.9641760827684314,-0.05770550797088192,1.0371549531997388,1.0
2023-08-18,0.5929324393919111,1.0563197008589384,-0.06488580506413943,1.0,1.0
2023-08-21,0.5953988640615302,0.9542475623730189,-0.0644357730779731,1.047946088028985,1.0
2023-08-22,0.6080249466628111,0.8606576249456768,-0.05834877056937826,1.16190221409253,1.0
2023-08-23,0.6018361951375711,0.8529790254424017,-0.060899156013062394,1.1723617699524853,1.0
2023-08-24,0.6617134074377783,1.0558525533001506,-0.050439791920782406,1.0,1.0
2023-08-25,0.7054230341116406,0.9584080501872018,-0.06359975630754333,1.0433969119986777,1.0
2023-08-28,0.6864418719424795,1.0180695874407288,-0.05699826623339643,1.0,1.0
2023-08-29,0.7041335102885246,0.7465160410505938,-0.0510184628140653,1.3395559438919369,1.0
2023-08-30,0.7817741463827197,1.1067593532912616,-0.03730113122604639,1.0,1.0
2023-08-31,0.7313773215246852,0.8689770377002527,-0.033335990055736064,1.1507783941523926,1.0
2023-09-01,0.7307784355517655,0.9167902064010238,-0.03475054159362101,1.090762088226953,1.0
2023-09-05,0.7246630439714562,0.9675124130356924,-0.03295014139730035,1.0335784704429514,1.0
2023-09-06,0.7073912165488646,0.9979923552942255,-0.037129816871965926,1.0020116834514055,1.0
2023-09-07,0.7174880520090402,0.9975365435936013,-0.043602599976082734,1.0024695400105585,1.0
2023-09-08,0.7082049748070975,0.9154974301691547,-0.046538970204030194,1.0923023561248357,1.0
2023-09-11,0.7112329620201957,0.7950300858503196,-0.04510291078537865,1.2578140347109708,1.0
2023-09-12,0.7266804662453155,0.781878131911426,-0.03882288185319527,1.2789716954422812,1.0
2023-09-13,0.7277935892845361,0.9141286457713447,-0.04409557966086841,1.0939379316312714,1.0
2023-09-14,0.6864475883846892,0.9131241100545808,-0.042981049447094355,1.0951413821941753,1.0
2023-09-15,0.6900720863634815,1.002426162606004,-0.03472923790159588,1.0,1.0
2023-09-18,0.7261669049671123,1.04504989487668,-0.04635914798572227,1.0,1.0
2023-09-19,0.7290205977977048,0.7906426398633641,-0.045799875022877634,1.2647939152039867,1.0
2023-09-20,0.7220185950925254,0.7971356084718121,-0.047778600053402176,1.2544916942264053,1.0
2023-09-21,0.7546972972806789,0.9350448968091813,-0.0565327839657932,1.0694673629175202,1.0
2023-09-22,0.803184654466313,1.2407030461835218,-0.07212674621360915,1.0,1.0
2023-09-25,0.748495154500305,1.039505897752355,-0.07421301064796626,1.0,1.0
2023-09-26,0.7380771045311899,0.9589342108528179,-0.07031988004047562,1.0428244072246213,1.0
2023-09-27,0.7884762698528931,1.1849674151264247,-0.08397813301930002,1.0,1.0
2023-09-28,0.6953945249229343,1.3079439427077815,-0.08361249904626855,1.0,1.0
2023-09-29,0.7075203467058354,1.1654289264184527,-0.07829978024527018,1.0,1.0
2023-10-02,0.7133963542424614,1.4350287599969542,-0.08053673597082112,1.0,1.0
2023-10-03,0.7144160778796433,1.3683130624964588,-0.08090236994385291,1.0,1.0
2023-10-04,0.7643344635504267,1.4683650362462985,-0.09320549030855574,1.0,1.0
2023-10-05,0.800798722699427,1.2415457326991064,-0.08660229866156322,1.0,1.0
2023-10-06,0.803318855441226,1.1427549540868132,-0.0869464247538283,1.0,1.0
2023-10-09,0.8715807046974685,1.3481975169148814,-0.07610584028125233,1.0,1.0
2023-10-10,0.8741434560027889,0.9094846810920924,-0.07019090081879009,1.0995237421692672,1.0
2023-10-11,0.8834276919031738,1.2357969387896204,-0.06535142345757017,1.0,1.0
2023-10-12,0.8915299311122249,1.0996519140183587,-0.06152281649237901,1.0,1.0
2023-10-13,0.8689383191466513,1.1818167527711094,-0.06724411696502841,1.0,1.0
2023-10-16,0.8390777713189993,1.1816158170385664,-0.07189015952517663,1.0,1.0
2023-10-17,0.8926799239535076,1.0049911267678142,-0.06212496909092924,1.0,1.0
2023-10-18,0.8951353906986733,1.0589301226392285,-0.062168257104117663,1.0,1.0
2023-10-19,0.9275811771073667,1.1609289060116554,-0.07466481226989208,1.0,1.0
2023-10-20,0.8642330101607233,1.590208430354674,-0.0827951315142249,1.0,1.0
2023-10-23,0.9123981157852061,1.3456617711980585,-0.09406573747630476,1.0,1.0
2023-10-24,0.9024262837453332,1.2364908627865585,-0.09563601696100588,1.0,1.0
2023-10-25,0.8600917355393092,1.1175471398508718,-0.08881767844343369,1.0,1.0
2023-10-26,0.9347173693723477,1.1309189597431717,-0.1018950825157332,1.5,1.5
2023-10-27,0.9696582534509971,1.312472058595623,-0.11264949933941526,1.5,1.5
2023-10-30,0.9895149163481478,1.2435410546310663,-0.11667174529441937,1.5,1.5
2023-10-31,1.0529383482760373,1.0816038524235903,-0.1061107632718088,1.5794075224140558,1.5794075224140558
2023-11-01,1.0168466900274546,1.0856123278679954,-0.10049693414007854,1.5252700350411819,1.5252700350411819
2023-11-02,1.0383238404978097,1.4541464336377168,-0.090904010940705,1.0383238404978097,1.0383238404978097
2023-11-03,1.1527746450234935,1.3528776522727304,-0.073481742701903,1.1527746450234935,1.1527746450234935
2023-11-06,1.1361997954286673,1.3248014572990494,-0.06502887330898544,1.1361997954286673,1.1361997954286673
2023-11-07,1.126457885590483,1.03009140955652,-0.06287794910650069,1.126457885590483,1.126457885590483
2023-11-08,1.1210611162092645,1.0035964565720832,-0.060210835765618365,1.1210611162092645,1.1210611162092645
2023-11-09,1.1164415272402801,0.9779230057654053,-0.05952244745526036,1.1416456312595473,1.1164415272402801
2023-11-10,1.1239997571461247,1.0573139270640923,-0.06685704317414409,1.1239997571461247,1.1239997571461247
2023-11-13,1.1835099294146618,0.8866887259922933,-0.052295527266037256,1.334752427454399,1.1835099294146618
2023-11-14,1.1560159848645868,0.8629036378958034,-0.05319885825823323,1.339681436137574,1.1560159848645868
2023-11-15,1.2546170784977948,1.3446989812643206,-0.034830311328616026,1.2546170784977948,1.2546170784977948
2023-11-16,1.1879199077704625,1.0563999366437575,-0.03278685846705032,1.1879199077704625,1.1879199077704625
2023-11-17,1.1499095897289344,1.0321612255139618,-0.031603993087802706,1.1499095897289344,1.1499095897289344
2023-11-20,1.07597846759514,0.9446716250864015,-0.030399347576133273,1.1389973394159363,1.07597846759514
2023-11-21,1.0716680117595658,0.8948909298447112,-0.022935908761391732,1.1975403661153772,1.0716680117595658
2023-11-22,1.077984844554248,0.7950783535536925,-0.02506518895728227,1.355822152289863,1.077984844554248
2023-11-24,0.9698874239144655,0.7822642573741486,-0.021301241760218526,1.2783403952990666,1.0
2023-11-27,0.8695166480172009,0.38152811691613525,-0.020698884972926934,2.621038805954668,1.0
2023-11-28,0.8520724841436588,0.9085225312199922,-0.022462735384527255,1.1006881674768914,1.0
2023-11-29,0.8387966169562711,1.0004683140329287,-0.021494608498376255,1.0,1.0
2023-11-30,0.8525595254570428,0.9455607819395098,-0.022183064871648006,1.0575734729065496,1.0
2023-12-01,0.8397358945433515,1.1713366322357421,-0.018332881962776493,1.0,1.0
2023-12-04,0.7317363946996154,1.3586299829858728,-0.0125255499670609,1.0,1.0
2023-12-05,0.7474146787643493,1.1010540415246768,-0.01770915342054602,1.0,1.0
2023-12-06,0.7515505818584484,1.0024269022446932,-0.01790272434744511,1.0,1.0
2023-12-07,0.7719301553907926,1.0372503608248427,-0.021860378597235774,1.0,1.0
2023-12-08,0.788655799467324,0.9141269203656411,-0.014396735593752652,1.0939399964285161,1.0
2023-12-11,0.738229118158681,0.8894309989850782,-0.01015961501982432,1.124314310093859,1.0
2023-12-12,0.6475580929038012,0.9038694606022424,-0.006309500173866667,1.1063544500482476,1.0
2023-12-13,0.643806862120921,0.8380912485952943,-0.0017712012062924831,1.1931874979915102,1.0
2023-12-14,0.5410452605649515,1.2374938654577394,0.0,1.0,1.0
2023-12-15,0.5442613488061793,1.4402341178941453,0.0,1.0,1.0
2023-12-18,0.5572439658691137,1.2575151831621223,-0.0016464609436321886,1.0,1.0
2023-12-19,0.5639545913821228,0.9496069180361747,0.0,1.0530673071211825,1.0
2023-12-20,0.5539506470319785,0.8351757528841132,0.0,1.1973527686198973,1.0
2023-12-21,0.704513234973046,1.0991915287333849,-0.013857292868214244,1.0,1.0
2023-12-22,0.7365404979172653,0.9080896531731643,-0.004506684927037208,1.1012128554770675,1.0
2023-12-26,0.739474093400174,0.7972860555763482,-0.0025061548771722064,1.2542549728617947,1.0
2023-12-27,0.7340060922584143,0.6102204387354273,0.0,1.6387520583091597,1.0
2023-12-28,0.7333391631546206,0.7769014194915325,0.0,1.2871645937453446,1.0
2023-12-29,0.7301994580965073,0.8322445079088998,0.0,1.2015699599058973,1.0
2024-01-02,0.7449211361938404,0.8784841303944849,-0.002895100682251739,1.1383244903364937,1.0
2024-01-03,0.7702490192043923,1.1845727501814765,-0.008475189233761227,1.0,1.0
2024-01-04,0.8024272534062861,1.1567085770061336,-0.016572598538810213,1.0,1.0
2024-01-05,0.817651201119847,0.989836587949887,-0.019740422743277475,1.010267767603098,1.0
2024-01-08,0.8043199022983123,1.017281567751657,-0.018397697406872027,1.0,1.0
2024-01-09,0.8693036841933001,0.9408754796938321,-0.004384402515324126,1.0628398992026102,1.0
2024-01-10,0.8731552199725543,0.82515800119281,-0.005894861082241021,1.211889115241501,1.0
2024-01-11,0.8815236205746984,0.9137096127133661,-0.0002728557518019148,1.0944396185461862,1.0
2024-01-12,0.8837682098329416,1.0557999059268923,-0.0007133125045288846,1.0,1.0
2024-01-16,0.8036462315993658,0.8620355884945838,-2.1024504257893817e-05,1.1600449138606335,1.0
2024-01-17,0.8123768543436152,1.0789034404305213,-0.00369224674463986,1.0,1.0
2024-01-18,0.8306369564227533,1.071043191534647,-0.009230286287633227,1.0,1.0
2024-01-19,0.8562257552724536,1.02306815526494,-0.0004196305928486632,1.0,1.0
2024-01-22,0.9162815530007643,1.0997192755355745,0.0,1.0,1.0
2024-01-23,0.8006609290736798,1.0275685588118306,0.0,1.0,1.0
2024-01-24,0.7674175593290462,0.8569791536823927,0.0,1.1668895278292994,1.0
2024-01-25,0.7694201001858199,1.1182236960835366,0.0,1.0,1.0
2024-01-26,0.7754500119601511,1.078627461809065,0.0,1.0,1.0
2024-01-29,0.7800879742433408,0.8467682270520093,-0.0012705179708160097,1.1809607021763928,1.0
2024-01-30,0.8058880030925306,0.8389271606110013,0.0,1.1919985988672572,1.0
2024-01-31,0.7988225978536194,0.9289498026630232,-0.0007734241803089015,1.0764844312720634,1.0
2024-02-01,0.9422190458543734,1.4547175850974519,-0.017078201550132954,1.0,1.0
2024-02-02,0.9625704523809868,1.4758129274079086,-0.0042134168309829745,1.0,1.0
2024-02-05,0.9805986439961147,1.3322855262247415,0.0,1.0,1.0
2024-02-06,0.9996958913735047,1.1391199019307454,-0.0036411212279222616,1.0,1.0
2024-02-07,0.9298649009457244,0.9326244248657188,-0.0007483956733945751,1.0722429880002147,1.0
2024-02-08,0.9416313487439821,0.9370217428027161,0.0,1.0672110948129232,1.0
2024-02-09,0.9385913903956905,0.9074326648231249,0.0,1.1020101422014803,1.0
2024-02-12,0.9410468095794539,0.8975272581671702,0.0,1.1141722893654376,1.0
2024-02-13,0.9459114130612655,0.8026479118933069,-0.00043885074804905777,1.2458762867035609,1.0
2024-02-14,1.0522094180417578,1.3947823317421184,-0.01420602442283958,1.0522094180417578,1.0522094180417578
2024-02-15,1.044063263394407,1.1113168172289474,-0.005247407375547408,1.044063263394407,1.044063263394407
2024-02-16,1.0345063877138816,1.0358064456054816,0.0,1.0345063877138816,1.0345063877138816
2024-02-20,1.0093545551076828,0.9925888326819846,-0.004979972192162729,1.0168909037394638,1.0093545551076828
2024-02-21,1.0327336515567538,0.9464943228346253,-0.010457853711339227,1.0911144701469029,1.0327336515567538
2024-02-22,1.0316622478357318,0.9215168646922682,-0.009561667146830155,1.1195261718625686,1.0316622478357318
2024-02-23,1.185964907057153,1.047182556383647,0.0,1.185964907057153,1.185964907057153
2024-02-26,1.1824456136738994,0.8780881697785359,0.0,1.3466137620008318,1.1824456136738994
2024-02-27,1.1910035369091883,0.8174174899449249,-0.0036624274081829,1.4570321182991013,1.1910035369091883
2024-02-28,1.1756520055700606,0.8580967320564931,-0.0018115412510550932,1.3700693192858602,1.1756520055700606
2024-02-29,1.176829831696767,0.8111031925806962,-0.0031307747105092654,1.450900258390593,1.176829831696767
2024-03-01,1.0311454687339021,1.1437509383020203,0.0,1.0311454687339021,1.0311454687339021
2024-03-04,1.0010839190902139,1.1573662932214712,0.0,1.0010839190902139,1.0010839190902139
2024-03-05,0.9727103279067804,1.0623393414778561,-0.0010724808912874195,1.0,1.0
2024-03-06,1.0244622630878184,1.0895147341520959,-0.011055918644839346,1.0244622630878184,1.0244622630878184
2024-03-07,1.0294000477013283,1.0727798068894943,-0.0060446576569340715,1.0294000477013283,1.0294000477013283
2024-03-08,1.0404309577207473,0.9029029958864987,0.0,1.1523175384961695,1.0404309577207473
2024-03-11,1.0656966127402698,1.0502376089643513,-0.0060021153687100925,1.0656966127402698,1.0656966127402698
2024-03-12,1.0580777372724608,0.9002411287015772,-0.006856919249591975,1.1753270357671084,1.0580777372724608
2024-03-13,1.0965547058472502,1.049749670621469,0.0,1.0965547058472502,1.0965547058472502
2024-03-14,0.989597094977948,0.96446675358409,-0.0015674580534820182,1.0368423756276344,1.0
2024-03-15,0.9722882240896901,1.2515674322070005,-0.003541142785597806,1.0,1.0
2024-03-18,0.9901299328931682,1.2082736099913791,-0.01038338809150241,1.0,1.0
2024-03-19,0.9826190555174285,0.9644785234525455,-0.004501974690998445,1.0368297226778034,1.0
2024-03-20,0.9635258697527406,0.8910864268701476,0.0,1.1222255999481447,1.0
2024-03-21,0.9871549288296522,1.061245017069236,0.0,1.0,1.0
2024-03-22,0.8020107521469277,0.9702597335176479,0.0,1.03065186099657,1.0
2024-03-25,0.8114983961142506,0.7957435711996644,-0.0018956476274623046,1.2566862444045865,1.0
2024-03-26,0.8078426527448538,0.6903887366952431,-0.004653472882167109,1.4484593198707236,1.0
2024-03-27,0.8148403670468793,0.7658138988080836,-0.006491662056453129,1.3058002754408151,1.0
2024-03-28,0.8377765060130785,0.987556290127827,0.0,1.012600506924585,1.0
2024-04-01,0.8379637553509145,1.005658036611599,-0.00019115305468353494,1.0,1.0
2024-04-02,0.8055630327715266,1.0331867072604344,-0.0019305677816241484,1.0,1.0
2024-04-03,0.8360527541385336,1.0893055681338804,-0.00827645283828371,1.0,1.0
2024-04-04,0.760874374962062,1.1178701136590987,-0.007186946486393175,1.0,1.0
2024-04-05,0.8565554775478609,1.2665458630197999,-0.01930537754439865,1.0,1.0
2024-04-08,0.8642225572507097,1.0350219011879493,-0.009059982183070137,1.0,1.0
2024-04-09,0.8397807552533464,0.8539007330344022,-0.008505800471282798,1.171096312854098,1.0
2024-04-10,0.8382144810673471,0.9372347059283379,-0.007358882143181922,1.0669685978065575,1.0
2024-04-11,0.8403147436871815,1.4670842495790821,-0.017298300497406438,1.0,1.0
2024-04-12,0.8714973759798096,1.0795349270332852,-0.009882066432382652,1.0,1.0
2024-04-15,0.9747934974813239,1.2406588346284464,-0.023548699108276838,1.0,1.0
2024-04-16,1.0277932342566218,1.2504291041516102,-0.03578183400996593,1.0277932342566218,1.0277932342566218
2024-04-17,1.0066498563372408,1.2187257682518848,-0.037540346026064375,1.0066498563372408,1.0066498563372408
2024-04-18,0.9979153623672835,1.0832570825259862,-0.043236382762042225,1.0,1.0
2024-04-19,0.9370306341302925,0.9708606667116334,-0.04520514512198193,1.0300139188737178,1.0
2024-04-22,0.942565904162047,1.1288695069265915,-0.053539069990844235,1.0,1.0
2024-04-23,1.0113246777091738,0.9659059946473676,-0.0448227789582466,1.0470218461356455,1.0113246777091738
2024-04-24,1.0967690409457882,0.9669033925482455,-0.03348817751686972,1.1343108829676205,1.0967690409457882
2024-04-25,1.0939249910440374,0.9919738571356624,-0.0339468727828679,1.1027760290001596,1.0939249910440374
2024-04-26,1.0484337434451254,1.0043880064316701,-0.037616735182695704,1.0484337434451254,1.0484337434451254
2024-04-29,1.104989153679419,0.8727360766957689,-0.028499341023415448,1.2661206327839387,1.104989153679419
2024-04-30,1.1153496487336714,0.8363263587277064,-0.02505882625658673,1.3336296735050177,1.1153496487336714
2024-05-01,1.195313073187802,1.1154988570041842,-0.040503008183368716,1.195313073187802,1.195313073187802
2024-05-02,1.1929461126784633,1.4444710208491225,-0.043618628817040705,1.1929461126784633,1.1929461126784633
2024-05-03,1.1905282580758094,1.0866323705321137,-0.034673170314549306,1.1905282580758094,1.1905282580758094
2024-05-06,1.210248881534832,1.082378226225703,-0.02270775778728007,1.210248881534832,1.210248881534832
2024-05-07,1.2567130325427762,0.788019561310212,-0.012615320902319427,1.5947739044108045,1.2567130325427762
2024-05-08,1.2566578271156081,0.8097476852499238,-0.011525754496060525,1.5519128365618584,1.2566578271156081
2024-05-09,1.2153477303073328,0.6836733784424175,-0.011430268050271364,1.777673036028118,1.2153477303073328
2024-05-10,1.205944433657795,0.838056022661111,-0.0057344114773988375,1.4389783034176091,1.205944433657795
2024-05-13,1.1163404547014835,0.6982964951013009,-0.004453511853351189,1.5986625488354163,1.1163404547014835
2024-05-14,1.0273981139944677,0.6700142717352895,-0.004319950937983319,1.533397357840721,1.0273981139944677
2024-05-15,1.024823607946164,0.7856414929180777,0.0,1.3044418060707326,1.024823607946164
2024-05-16,1.0394165465841825,1.0752087062360296,0.0,1.0394165465841825,1.0394165465841825
2024-05-17,1.039415591857769,0.8858252496769532,-0.00205753019043331,1.1733867286316662,1.039415591857769
2024-05-20,0.9718099127182465,0.8431282087754864,-0.0006229404830896401,1.1860592370077923,1.0
2024-05-21,0.9576206259915296,0.6740347698053947,0.0,1.4836029902266274,1.0
2024-05-22,0.9148923838536624,0.594110465577827,0.0,1.6831886626124457,1.0
2024-05-23,0.926583799491371,0.8653904444259964,-0.0028794512853109744,1.155547772038653,1.0
2024-05-24,0.9569614397044789,0.8863921352185672,-0.010162337950302303,1.1281688546947897,1.0
2024-05-28,0.9395375921579374,0.5957668804778136,-0.0036132389244482033,1.6785088811885376,1.0
2024-05-29,0.9407757213848164,0.7800897176412779,-0.002917057162707515,1.2819038341175102,1.0
2024-05-30,0.800900802260147,0.8970607608912936,-0.00989886029357434,1.1147516908513855,1.0
2024-05-31,0.8318385832881046,0.7422803941324156,-0.01646717615929283,1.3471998019950526,1.0
2024-06-03,0.8324019265853002,0.9947412012008529,-0.0075088767017990055,1.005286599964693,1.0
2024-06-04,0.7658779188913856,1.1143072501015834,-0.006699640792916406,1.0,1.0
2024-06-05,0.7119700512693873,0.9499399547163944,-0.005589321349909082,1.0526981153230375,1.0
2024-06-06,0.7902468180947848,0.8192326856949097,0.0,1.22065442146239,1.0
2024-06-07,0.7908344534531063,0.7636456776004314,-1.856900872398981e-05,1.3095078376430465,1.0
2024-06-10,0.784819809072881,0.8989117346492191,-0.00123425145328937,1.1124562751316494,1.0
2024-06-11,0.7880527550029841,0.7231020521431573,0.0,1.38293066246481,1.0
2024-06-12,0.7886507389686681,0.7780928323648117,0.0,1.2851936920698253,1.0
2024-06-13,0.8132592486269978,1.0853289808438444,0.0,1.0,1.0
2024-06-14,0.73152297510183,0.9170717981269828,0.0,1.090427163982568,1.0
2024-06-17,0.7244312786021838,0.8206761711530408,0.0,1.2185074151659736,1.0
2024-06-18,0.7551145369410148,0.8320030979793758,0.0,1.2019186015396166,1.0
2024-06-20,0.756074104068891,0.7820559737803713,0.0,1.2786808534510792,1.0
2024-06-21,0.7725298016833202,0.9003373384657083,-0.002716430584320695,1.1106947999114751,1.0
2024-06-24,0.7683845611388134,0.9487458422044592,-0.004053508790621829,1.054023064466295,1.0
2024-06-25,0.727130999823431,0.8545561445568963,-0.007290977133682874,1.1701981272611632,1.0
2024-06-26,0.7120948928532508,0.7402746430879253,-0.00346820054317154,1.3508499978179396,1.0
2024-06-27,0.7115458552791062,0.7708847275159002,-0.002224377555782975,1.2972108076682245,1.0
2024-06-28,0.6482563634190478,0.7095924465615351,-0.000651411762576326,1.409259645935762,1.0
2024-07-01,0.6133712258361995,1.040316620769423,-0.004584055373894946,1.0,1.0
2024-07-02,0.5665676337224788,0.9618759991901649,-0.002535419225743407,1.039635047388575,1.0
2024-07-03,0.5866378555124089,0.8422461378666378,0.0,1.1873013778762391,1.0
2024-07-05,0.5901731632205123,0.6619705628411156,0.0,1.510641191819911,1.0
2024-07-08,0.5084699893547624,0.8904678351739261,0.0,1.123005189518923,1.0
2024-07-09,0.5047439463245537,0.7897907603738911,0.0,1.2661581398174306,1.0
2024-07-10,0.4939627825060605,0.8218710938187024,0.0,1.2167358208860322,1.0
2024-07-11,0.5533019435692935,0.794352857952205,0.0,1.2588863878175516,1.0
2024-07-12,0.660111724137502,1.311585955417984,-0.008622664527645374,1.0,1.0
2024-07-15,0.6429074555160749,1.0178081035531115,-0.0023695199063663575,1.0,1.0
2024-07-16,0.643536786448656,0.991466749895046,0.0,1.0086066931703532,1.0
2024-07-17,0.6546747555981273,1.0040538345801489,0.0,1.0,1.0
2024-07-18,0.8082765030466558,1.1550341778706243,-0.014021126941729745,1.0,1.0
2024-07-19,0.8540610397990442,1.2813649377452956,-0.021598208432502597,1.0,1.0
2024-07-22,0.8796333644675345,1.0077449460606853,-0.02809536841302218,1.0,1.0
2024-07-23,0.9337940264085435,0.9771403984995621,-0.018075129448646754,1.0233943878848317,1.0
2024-07-24,0.9270451779694141,0.8963008873805292,-0.01961522903339985,1.115696764423089,1.0
2024-07-25,1.1896483868491765,1.1467016537590091,-0.04183318090165633,1.1896483868491765,1.1896483868491765
2024-07-26,1.19265681627303,1.2489866269013843,-0.04682572490798653,1.19265681627303,1.19265681627303
2024-07-29,1.2490926020379778,0.9531272299413858,-0.03615025889729362,1.3105203196374875,1.2490926020379778
2024-07-30,1.2422173010322164,0.9517621283513283,-0.03558396264995156,1.3051762242147873,1.2422173010322164
2024-07-31,1.2496530777536414,0.962121605651681,-0.04047005582459029,1.298851486561519,1.2496530777536414
2024-08-01,1.3389948125197115,1.404907431223759,-0.02487345657382678,1.3389948125197115,1.3389948125197115
2024-08-02,1.4030625203555196,1.6892593372456408,-0.038681903624739555,1.4030625203555196,1.4030625203555196
2024-08-05,1.4921565758727104,2.10477337733794,-0.056580058565699254,1.4921565758727104,1.4921565758727104
2024-08-06,1.7157666757888244,2.470736100470469,-0.0840560716449581,1.7157666757888244,1.7157666757888244
2024-08-07,1.7551048547573167,1.6710667736906648,-0.075611471319041,1.7551048547573167,1.7551048547573167
2024-08-08,1.703049182023964,1.4607131268769469,-0.08179011045160878,1.703049182023964,1.703049182023964
2024-08-09,1.8919534188907012,1.0941154484536773,-0.06056342651033775,1.8919534188907012,1.8919534188907012
2024-08-12,1.8764792773816579,0.8892377408618559,-0.056420936749577044,2.1102110168681776,1.8764792773816579
2024-08-13,1.8609574386267531,0.8479972612195522,-0.05592527506451361,2.1945323690673324,1.8609574386267531
2024-08-14,1.9278544992846243,0.9284978908466968,-0.04039931037602873,2.0763154319355692,1.9278544992846243
2024-08-15,1.8882143897480406,0.8660914862701827,-0.037372114849802296,2.1801558145775375,1.8882143897480406
2024-08-16,1.9553699651127199,1.0127507233392419,-0.020872346823906374,1.9553699651127199,1.9553699651127199
2024-08-19,1.9419381890896366,0.8706049089873038,-0.01867702019283568,2.2305619564545283,1.9419381890896366
2024-08-20,1.9335949079497896,0.827342266516173,-0.009294266469496049,2.3371160717944433,1.9335949079497896
2024-08-21,1.9283088263680246,0.9337585824210884,-0.01090522238909375,2.06510425999858,1.9283088263680246
2024-08-22,1.7736521233094844,0.9182390779058137,-0.007506114269645314,1.9315798749869941,1.7736521233094844
2024-08-23,1.7842494922700225,0.9198225411852022,-0.015295653878669158,1.939775785415082,1.7842494922700225
2024-08-26,1.7770759399286697,0.9991022106255248,-0.004832867758793102,1.7786728134812813,1.7770759399286697
2024-08-27,1.7812379866187649,0.7973392776632843,-0.0072052797838338956,2.2339774754843824,1.7812379866187649
2024-08-28,1.7649307198838273,0.7568269613030388,-0.005842043820484921,2.3320135382665588,1.7649307198838273
2024-08-29,1.7156277737144014,0.7960957059399534,-0.01161334219240806,2.155052163845995,1.7156277737144014
2024-08-30,1.6472156627355636,0.8395230376913326,-0.011524854938564588,1.9620851230781773,1.6472156627355636
2024-09-03,1.5293760655451594,1.0910053548666905,-0.0020888757993792195,1.5293760655451594,1.5293760655451594
2024-09-04,1.3658937149775605,1.314987790011133,-0.02262490452691035,1.3658937149775605,1.3658937149775605
2024-09-05,1.361224072433312,1.063215074745153,-0.02462540395872903,1.361224072433312,1.361224072433312
2024-09-06,1.3381153892643536,0.9989935279698059,-0.026997926870052757,1.3394635218345454,1.3381153892643536
2024-09-09,1.3022583961950434,1.3641859381927313,-0.04337339137269236,1.3022583961950434,1.3022583961950434
2024-09-10,1.3363441408454584,0.9067754973084475,-0.032662774410284534,1.4737320812175514,1.3363441408454584
2024-09-11,1.3393401487537433,1.0259906297122487,-0.028449428314679337,1.3393401487537433,1.3393401487537433
2024-09-12,1.2830822531851658,1.2262487649148908,-0.018482303879866713,1.2830822531851658,1.2830822531851658
2024-09-13,1.3012161687787391,1.096686065652037,-0.010214733504778306,1.3012161687787391,1.3012161687787391
2024-09-16,1.2061637840344848,1.018907155553995,-0.005045325877043982,1.2061637840344848,1.2061637840344848
2024-09-17,1.204961208228853,0.9029456390628335,-0.0035758608545695125,1.3344781303550912,1.204961208228853
2024-09-18,1.171309331192852,0.9912580737303046,-0.003168908195915643,1.181639133374196,1.171309331192852
2024-09-19,1.1742554203575366,1.2786163125454257,-0.006125247387297361,1.1742554203575366,1.1742554203575366
2024-09-20,1.2801537711156985,1.2517590969232206,0.0,1.2801537711156985,1.2801537711156985
2024-09-23,1.2519279094392257,1.1817120786253448,-0.0017287267010225316,1.2519279094392257,1.2519279094392257
2024-09-24,1.2160628113311722,0.9806491583299387,0.0,1.2400589966366224,1.2160628113311722
2024-09-25,1.212858260428581,1.0433939504047247,0.0,1.212858260428581,1.212858260428581
2024-09-26,1.2170748235616378,0.9892373466275102,-0.002205585632772178,1.2303162913438994,1.2170748235616378
2024-09-27,1.2002319641342853,1.187666498816813,0.0,1.2002319641342853,1.2002319641342853
2024-09-30,1.2012979790687752,0.931718936761262,-0.001450290876500726,1.2893351542736633,1.2012979790687752
2024-10-01,1.1738458638130875,1.0468626735943038,0.0,1.1738458638130875,1.1738458638130875
2024-10-02,1.003504243929746,1.4716129023263493,-0.008958323493068132,1.003504243929746,1.003504243929746
2024-10-03,0.9973702894108801,1.2535920293213842,-0.008540080479402468,1.0,1.0
2024-10-04,0.9950312829156581,1.186925516344279,-0.010352575704379752,1.0,1.0
2024-10-07,0.8179384429723615,1.2131523986558632,-0.001359425834946082,1.0,1.0
2024-10-08,0.855215040105051,0.9929948804265183,-0.010387510913171583,1.0070545374518676,1.0
2024-10-09,0.8831534468658978,1.008870488701883,-0.001028248762194428,1.0,1.0
2024-10-10,0.8599007931968302,1.047756136420418,0.0,1.0,1.0
2024-10-11,0.843625379104352,0.9407580435151239,-0.0017499465516510604,1.06297257503483,1.0
2024-10-14,0.8474165675270914,0.9461980776260832,0.0,1.0568611622091861,1.0
2024-10-15,0.8705215213610266,0.8109251984604836,0.0,1.2331593615520506,1.0
2024-10-16,0.9221471727991177,1.1027318075950876,-0.007769767135678229,1.0,1.0
2024-10-17,0.9155856101625378,0.8902482797211655,-0.0034571007460070247,1.123282148114018,1.0
2024-10-18,0.7778522469644465,0.8527362507888239,-0.0033713945698619074,1.1726955422323724,1.0
2024-10-21,0.7785632189582073,0.8763736332640154,0.0,1.1410658217495016,1.0
2024-10-22,0.7840638377877049,0.8970620575596306,-0.0016424056842447854,1.1147500795211447,1.0
2024-10-23,0.7845233080956312,0.9393181665378041,-0.0021726412342311097,1.064602001349405,1.0
2024-10-24,0.8431228114292694,0.956570946791512,-0.011290150468757476,1.0454007654676905,1.0
2024-10-25,0.8421270383382595,0.807722162863587,-0.009151904046592385,1.2380494753972549,1.0
2024-10-28,0.8447568296008652,0.9139972898791207,-0.009494143108267683,1.094095147844753,1.0
2024-10-29,0.8447619664623732,0.8403575301527534,-0.006432043488714956,1.1899697023220914,1.0
2024-10-30,0.7837910614506464,0.9550596008333537,-0.004824032616536189,1.047055072926792,1.0
2024-10-31,0.7962106134033338,0.9789087435107061,-0.007834646834176562,1.0215456819944762,1.0
2024-11-01,1.0286590766246904,1.350712216790689,-0.027284165344193312,1.0286590766246904,1.0286590766246904
2024-11-04,0.9976796372418469,1.1379288117601467,-0.023179005663073737,1.0,1.0
2024-11-05,0.9572416282041182,0.9710990895947107,-0.02528285727317292,1.0297610313045924,1.0
2024-11-06,0.9881915112928565,0.9712426610533375,-0.013496759250308465,1.0296088095177722,1.0
2024-11-07,1.2481146648108532,1.7042384738119543,0.0,1.2481146648108532,1.2481146648108532
2024-11-08,1.2604880891984678,1.4978318466129301,0.0,1.2604880891984678,1.2604880891984678
2024-11-11,1.255548480523093,1.201646833336657,0.0,1.255548480523093,1.255548480523093
2024-11-12,1.2361056953448328,0.9744816462611757,0.0,1.2684750914370098,1.2361056953448328
2024-11-13,1.208253006977156,1.2322485063983066,-0.003106540640482547,1.208253006977156,1.208253006977156
2024-11-14,1.2047463381178116,0.9733078570817726,-0.0026222256567843827,1.2377854851906271,1.2047463381178116
2024-11-15,1.2294530207980825,1.027653617278196,-0.009035436234415495,1.2294530207980825,1.2294530207980825
2024-11-18,1.3005101099911769,1.1346240826941498,-0.021728368333016834,1.3005101099911769,1.3005101099911769
2024-11-19,1.3049748901560738,0.8891030983867029,-0.0177199422534684,1.4677430463620917,1.3049748901560738
2024-11-20,1.3085183148092163,0.8938454047588986,-0.014129295205938641,1.4639201676739273,1.3085183148092163
2024-11-21,1.2669501989946554,0.9520747584580347,-0.013795363987635145,1.330725542022129,1.2669501989946554
2024-11-22,1.2739179079045388,0.9577665951300989,-0.00850116714279503,1.3300922316375998,1.2739179079045388
2024-11-25,1.2739818699933991,0.8714023088893104,-0.005427998766477704,1.4619904686931766,1.2739818699933991
2024-11-26,1.2744353552622367,1.0905701740952325,-0.0020542714360221037,1.2744353552622367,1.2744353552622367
2024-11-27,1.2800992554432096,0.9354164257657358,0.0,1.368480625508917,1.2800992554432096
2024-11-29,1.2801172469010775,0.8858895884684597,-0.0030298159925298274,1.4450076663776634,1.2801172469010775
2024-12-02,1.068641686698359,0.5769141139239413,0.0,1.8523410346643827,1.068641686698359
2024-12-03,1.0683003681184828,1.055092531459298,0.0,1.0683003681184828,1.0683003681184828
2024-12-04,1.057998319268011,0.9270648067608984,0.0,1.141234476330285,1.057998319268011
2024-12-05,1.0174518091479712,1.0213650291306944,0.0,1.0174518091479712,1.0174518091479712
2024-12-06,0.7004323025922268,0.8274757588756662,-0.0016455104221654304,1.2084946166383792,1.0
2024-12-09,0.6672679128877324,0.8758794352369402,0.0,1.1417096460650238,1.0
2024-12-10,0.6851642041709233,0.9586254523887077,-0.005149618902517306,1.0431602848726738,1.0
2024-12-11,0.6947542287467927,0.9501878651502509,-0.008242780516821369,1.0524234592723118,1.0
2024-12-12,0.7223787962672525,0.9777429464904623,-0.0005758326972291616,1.0227637065441666,1.0
2024-12-13,0.7475933695298674,0.9425843720122953,-0.00572534886420728,1.0609129852907808,1.0
2024-12-16,0.7104189998777212,0.9993421780442341,-0.005922806570554107,1.000658254970338,1.0
2024-12-17,0.5478387411925636,1.0200460122748736,-0.0016780822973310183,1.0,1.0
2024-12-18,0.5725419882613314,1.0015897273597514,-0.005791305080375175,1.0,1.0
2024-12-19,1.1359652291071503,1.7374347820646843,-0.03542218656157503,1.1359652291071503,1.1359652291071503
2024-12-20,1.1336606870782573,1.7789279854181614,-0.03571837312109538,1.1336606870782573,1.1336606870782573
2024-12-23,1.1822554509690368,1.5791564964733011,-0.024136276638041076,1.1822554509690368,1.1822554509690368
2024-12-24,1.1865064974626613,1.1044954318191005,-0.018292679168211978,1.1865064974626613,1.1865064974626613
2024-12-26,1.2260332684285626,0.5029281270242011,-0.0073809320784529175,2.437790218023669,1.2260332684285626
2024-12-27,1.212453683540717,0.7397805078804823,-0.0073148731267458356,1.6389370504157685,1.212453683540717
2024-12-30,1.2539332574677493,0.9504352736252323,-0.017764310290094287,1.3193252526128252,1.2539332574677493
2024-12-31,1.281765527923638,1.0533510145841445,-0.02897327129476568,1.281765527923638,1.281765527923638
