version,year,net_return_compounded,long_net_contribution,short_net_contribution,transaction_cost,borrow_cost
v24,2017,0.0429160272613446,0.0606455686223708,-0.0182443934485509,0.001103243580612,0.0042143061092967
v24,2018,-0.0329055003128683,-0.029286145091945,-0.003770138335658,0.0010820074704359,0.0040450756218652
v24,2019,0.0179057827129869,0.0416520408827723,-0.0235465043297724,0.0009464181884222,0.0026095344260528
v24,2020,0.0217405241413977,0.0047800540564832,0.0174749036136311,0.0005707997544935,0.0021071984598518
v24,2021,0.0621726491072818,0.0547319381159546,0.0066802155502308,0.0007021479399014,0.004453126579188
v24,2022,-0.0041413843239505,-0.0314459913923143,0.0275461255797733,0.0002110480932977,0.0019638824086078
v24,2023,-0.0388462106225647,-0.0105858982016577,-0.0286960875519387,0.0008652893989948,0.0023846342971873
v24,2024,-0.0233874991765199,0.0045554161492831,-0.0278296733772734,0.0011412302023747,0.0027136847137183
v25,2017,0.1173867660323304,0.1111734375379524,0.0005824110423426,0.0009472945880709,4.086568840012077e-05
v25,2018,-0.0625403722383792,-0.0629913344446361,-4.755398064150913e-10,0.0007502076868466,3.862919969061434e-11
v25,2019,0.0844077502907885,0.0817203161054266,-1.2433267176478647e-09,0.0008875541225601,1.6602355239027368e-10
v25,2020,-0.0052886028761548,-0.0034589104937593,-1.28448866129683e-13,0.0006389553919234,1.5181287112202476e-14
v25,2021,0.0846652320929726,0.0830586408733435,-1.4540153660119222e-12,0.0005282198310572,7.14016324082956e-14
v25,2022,-0.0307165945666103,-0.030857525824241,3.876867936547823e-13,0.0001663699499522,5.3961073615571174e-14
v25,2023,0.0141667601751351,0.0152767562867397,-9.16865017437511e-13,0.00080467381739,3.2777940671510675e-14
v25,2024,0.0212256392468572,0.0220743150034636,-3.4751588327510597e-13,0.001140567851222,8.003041990335005e-14
v26,2017,0.0742768437541963,0.07205860594561267,-1.0403086935297311e-12,0.0006065283804016956,4.9314816370493754e-14
v26,2018,-0.020030791487850474,-0.019962990817296983,6.796013108067965e-14,0.0005228393010682718,1.7526146198763345e-14
v26,2019,0.05842438003433714,0.05719916893096873,-7.938097774510699e-13,0.0005024087980020005,3.942626555584749e-14
v26,2020,0.025153206408893514,0.024983163017235833,-3.2227027353378274e-13,0.0004481134480643194,1.0113276372779117e-14
v26,2021,0.017395972206126764,0.01766094579038073,-3.0694604281003314e-13,0.0003596693698724398,1.2587042087615079e-14
v26,2022,-0.028458485681486123,-0.028635246536375468,-4.905458855309269e-13,0.0001582554627426606,1.1233556859726451e-14
v26,2023,0.017575531051827742,0.018028039936710843,-6.826222504509402e-14,0.0004209078470720322,1.128164997596107e-14
v26,2024,0.0037596596195879073,0.004264750659915807,-5.688000816375664e-13,0.0008707491379939248,5.138795929521464e-14
