year,overnight_gap_reversal,intraday_reversal,volume_shock_reversal
2008,,,
2009,0.004801472616000666,0.011377817308567566,0.0059479578307268886
2010,0.014147698926110504,-0.014918502544660957,0.004760709508322669
2011,0.00816421870562882,0.0014689474000822455,0.010122874639190408
2012,0.01493151451957002,0.00250999366479883,-0.008431995544584616
2013,-0.0063655816269144565,0.030675600923496346,0.023472688772833206
2014,0.006928541287142951,-0.005820791553593573,-0.008770791012919889
2015,0.002021559072179096,0.018962937440446227,0.012700175329037049
2016,-0.0008138099954201212,0.007468973882360837,0.003905055488813868
