year,net_return_compounded,long_net_contribution,short_net_contribution,transaction_cost,borrow_cost,version
2017,0.0429160272613446,0.0606455686223708,-0.0182443934485509,0.001103243580612,0.0042143061092967,v24
2018,-0.0329055003128683,-0.029286145091945,-0.003770138335658,0.0010820074704359,0.0040450756218652,v24
2019,0.0179057827129869,0.0416520408827723,-0.0235465043297724,0.0009464181884222,0.0026095344260528,v24
2020,0.0217405241413977,0.0047800540564832,0.0174749036136311,0.0005707997544935,0.0021071984598518,v24
2021,0.0621726491072818,0.0547319381159546,0.0066802155502308,0.0007021479399014,0.004453126579188,v24
2022,-0.0041413843239505,-0.0314459913923143,0.0275461255797733,0.0002110480932977,0.0019638824086078,v24
2023,-0.0388462106225647,-0.0105858982016577,-0.0286960875519387,0.0008652893989948,0.0023846342971873,v24
2024,-0.0233874991765199,0.0045554161492831,-0.0278296733772734,0.0011412302023747,0.0027136847137183,v24
2017,0.11738676603233045,0.11117343753795249,0.0005824110423426266,0.0009472945880709599,4.086568840012077e-05,v25
2018,-0.06254037223837927,-0.06299133444463612,-4.755398064150914e-10,0.0007502076868466222,3.862919969061434e-11,v25
2019,0.08440775029078851,0.08172031610542661,-1.2433267176478647e-09,0.000887554122560192,1.6602355239027368e-10,v25
2020,-0.0052886028761548465,-0.0034589104937593,-1.28448866129683e-13,0.0006389553919234817,1.5181287112202476e-14,v25
2021,0.08466523209297261,0.0830586408733435,-1.4540153660119222e-12,0.0005282198310572974,7.140163240829559e-14,v25
2022,-0.030716594566610356,-0.030857525824241023,3.8768679365478225e-13,0.00016636994995229443,5.3961073615571174e-14,v25
2023,0.014166760175135185,0.015276756286739735,-9.16865017437511e-13,0.0008046738173900658,3.2777940671510675e-14,v25
2024,0.021225639246857275,0.022074315003463678,-3.4751588327510597e-13,0.0011405678512220784,8.003041990335004e-14,v25
