symbol,sleeve,positive_distribution_events,rejected_events,latest_trailing_distribution_yield,carry_score_sessions
SPY,equity,72,0,0.01272538722562939,4277
QQQ,equity,75,0,0.005920626056872063,4277
IWM,equity,72,0,0.011677405213722417,4277
XLC,equity,26,0,0.0109548755395826,1392
XLY,equity,72,0,0.00827084883359748,4277
XLP,equity,72,0,0.027618215092124587,4277
XLE,equity,73,0,0.032493268991372413,4277
XLF,equity,72,0,0.015554999016248091,4277
XLV,equity,73,0,0.015724082124002475,4277
XLI,equity,72,0,0.014747503268960759,4277
XLB,equity,72,0,0.01795210952862041,4277
XLK,equity,71,0,0.006828715996993733,4277
XLU,equity,72,0,0.031139846763834234,4277
EFA,equity,36,0,0.030595766977098843,4277
EEM,equity,39,0,0.02345937652317088,4277
EWJ,equity,35,0,0.02272080832140586,4277
EWU,equity,35,0,0.03945279676312849,4277
EWZ,equity,42,0,0.0761573959918393,4277
FXI,equity,35,0,0.01792095020952001,4277
INDA,equity,22,0,0.007182718370476674,2995
VNQ,equity,72,0,0.038686557684077166,4277
BIL,rates,107,0,0.05008427674377409,4176
SHY,rates,215,0,0.039059633949515,4277
IEF,rates,216,0,0.03531963900022395,4277
TLT,rates,215,0,0.04018640164567013,4277
TIP,rates,159,0,0.025112820449588933,4277
GOVT,rates,151,0,0.03165433155301109,2981
LQD,credit,215,0,0.04359725723741244,4105
HYG,credit,212,0,0.06034372770917536,4105
EMB,credit,205,0,0.05399740222105373,4034
MUB,credit,206,0,0.029812016955944536,4105
GLD,metals,0,0,0.0,0
SLV,metals,0,0,0.0,0
DBC,commodity,7,0,0.05068119785649359,4275
PDBC,commodity,10,1,0.04333081990691219,2046
USO,commodity,0,0,0.0,4275
UNG,commodity,0,0,0.0,4205
DBA,commodity,7,0,0.0392753617760014,4275
CPER,commodity,0,0,0.0,2786
CORN,commodity,0,0,0.0,3413
WEAT,commodity,0,0,0.0,3089
UUP,usd,8,0,0.04318032786885246,4238
FXE,usd,66,0,0.02181707503626517,4249
FXY,usd,0,0,0.0,4249
FXB,usd,54,0,0.0317976006933454,4249
