candidate,segment,sessions,total_return,cagr,annual_volatility,sharpe,max_drawdown,positive_day_rate,status,gross_sharpe,gross_cagr,annual_turnover,annual_transaction_cost,annual_borrow_cost,maximum_abs_net,maximum_net_budget_ratio,maximum_factor_budget_ratio,maximum_sleeve_budget_ratio,average_gross,average_eligible_assets,worst_calendar_year_return,long_contribution,short_contribution,short_annualized_expectancy,average_long_exposure,average_short_exposure,top_5_absolute_contribution_share,top_5_symbols,positive_sleeves,spy_beta,spy_r_squared,maximum_short_gross_budget_ratio,maximum_name_cap_excess,maximum_gross_budget_ratio,qualified
A,train,2267,0.2408056859125436,0.024273939615906626,0.02041241772612863,1.185231532495635,-0.051791602880732035,0.5663872959858844,COMPLETED,1.2116620129342552,0.024824393260164612,0.22061835602030716,4.5007016076958915e-05,0.0004922706433763985,0.6000000000341196,1.000000000056866,0.8,1.0,0.6080688134521995,40.13274336283186,0.002290084032440909,0.2221663776518103,-0.004521413079309046,-0.0005026008363413672,0.5589393650243011,0.04912944842789839,0.857890600721927,"XLP,EMB,LQD,HYG,TIP",5,0.024024106174964695,0.06295910569814767,0.2903269283993021,0.0,0.8032288498760847,False
A,development,2012,0.16143155202969472,0.01892062661556282,0.032669455504261674,0.5901108315663082,-0.07221913816473458,0.5457256461232605,COMPLETED,0.6224316043771867,0.019990638182869613,0.583016023579208,0.000117911039063917,0.0009314122540356214,0.6000000010716073,1.0000000017860122,0.732366811622589,0.8566733854867414,0.6866528577098225,44.681592039801,-0.05888593243935003,0.16682983672139656,-0.012907049802626833,-0.0016165887426749313,0.5936787337194098,0.09297412399041272,0.6738864257402388,"XLK,SPY,HYG,IEF,BIL",4,0.11282913693196277,0.4019557791846582,0.8571428571431056,0.0,0.8120586885290443,False
A,diagnostic_2022,251,-0.05888593243935003,-0.059113463039314085,0.031842633895896054,-1.8974696710574934,-0.06622784985941177,0.4701195219123506,COMPLETED,-1.8281871001612224,-0.056998642640092356,0.4222007455997778,8.463463024201818e-05,0.0021593382518801927,0.29646153297574385,0.4941025549595731,0.5506950464632145,0.7632205821038923,0.6541095706263873,45.0,-0.05888593243935003,-0.05951694479607529,-0.0006637236486729921,-0.0006663679659983825,0.438728486776615,0.21538108384977223,0.9023575028508393,"LQD,IEF,TIP,HYG,MUB",2,0.0719218895004392,0.2998299090438181,0.8571428571431056,0.0,0.6964615329820205,False
B,train,2267,0.05203154191889103,0.005654311305794524,0.007965169085247545,0.7118704028527498,-0.023018293327187633,0.5249228054697839,COMPLETED,0.7683085686695571,0.00610220933507577,0.980900029054261,0.00019893393005447982,0.00024631242907045494,0.5997787564338829,0.9996312607231382,0.8,1.0,0.270917157109507,40.13274336283186,-0.014457142515630017,0.05325471482089323,-0.002245702358508983,-0.0002496325515413603,0.24634256843616184,0.024574588673345093,0.8819360765348897,"MUB,LQD,SHY,TIP,HYG",4,0.001999458168777471,0.002864096285893014,0.285714285714371,0.04417269010149601,0.5999894539082444,False
B,development,2012,0.04493205042208448,0.005520084733975583,0.011842048569349622,0.47080388660077566,-0.044184418353865884,0.5715705765407555,COMPLETED,0.4991875519307706,0.005856750476340267,1.2444606783391259,0.0002501661520931283,8.457001029439714e-05,0.6000000003218912,1.0000000005364853,0.6666666667829968,0.8749999999070003,0.2865154425340181,44.681592039801,-0.02690555900026259,0.04537000662453507,-0.0008562432379037453,-0.00010724318884281502,0.27806787108747055,0.008447571446547592,0.6962435284529049,"EMB,QQQ,BIL,SHY,SPY",5,0.01961889799455381,0.09249432338668173,0.2857142862575297,0.0,0.6000000005258527,False
B,diagnostic_2022,251,-0.004550905747663592,-0.004568995362704831,0.0028567291092925274,-1.6016072238144083,-0.006937424910208545,0.47410358565737054,COMPLETED,-1.4689441622563315,-0.0041840920001662285,0.9001719096778237,0.00018020905857605784,0.0002063648306447246,0.14682749602404324,0.24471249337340542,0.2318607040768937,0.3732956181212829,0.07067423849980968,45.0,-0.004550905747663592,-0.0042646220775694604,-0.00029257971790227447,-0.0002937453741488971,0.049949967561238984,0.020724270938570707,0.9999999938657952,"MUB,HYG,BIL,TIP,EMB",2,0.0009666173280841893,0.006728864386346234,0.285714285716383,0.0,0.29809371172975907,False
C,train,2267,0.3149361172468854,0.030902175364839746,0.04158524145585227,0.7526999445940903,-0.06277080224727338,0.5363917071018968,COMPLETED,0.7999435748532442,0.03293088068469907,3.969102350753071,0.0008116486367945218,0.0011546322744258024,0.600000000178264,1.0000000002971068,1.0000000001219551,1.0000000000608582,0.712433228510878,40.13274336283186,-0.01570020936663885,0.29592122894061085,-0.014334559629430296,-0.001593431418886826,0.597024798129881,0.11540843038099691,0.4929105827999378,"GLD,XLP,HYG,LQD,USO",5,0.05497253180293628,0.07942660351010333,1.0000000000348923,0.04360246136902819,1.0000000001613085,False
C,development,2012,0.17395236812351578,0.020289972279938118,0.041706512698382825,0.502517669583454,-0.07170997426499759,0.5303180914512923,COMPLETED,0.5555725675499953,0.02254791979587556,4.340202243127465,0.0008794625226096391,0.0013311530265568072,0.6000000008292433,1.0000000013820722,1.0000000002099187,1.000000000416882,0.705638955701691,44.681592039801,-0.01968167917081154,0.2261045586152653,-0.058771152860900774,-0.007360999264884193,0.5728658155357953,0.13277314016589553,0.3795168351634263,"INDA,SPY,XLP,XLK,HYG",4,0.09154719604059727,0.16236853645566018,0.9399734803661802,0.0013183815773778543,1.0000000005812142,False
C,diagnostic_2022,251,-0.01968167917081154,-0.019759312397853224,0.026207127171848737,-0.7484315488623463,-0.0342806739064383,0.5179282868525896,COMPLETED,-0.6982765215484826,-0.018475064983902723,3.297378732278042,0.0006706696749980339,0.0006386961644125853,0.5999999999863543,0.9999999999772573,0.8084280263555264,0.851223306861098,0.2160476999279485,45.0,-0.01968167917081154,-0.025405063511307308,0.005868657019659409,0.00589203812332339,0.15213423678314744,0.06391346314480108,0.5370654738297909,"UUP,XLU,GLD,QQQ,XLE",2,0.025138114066018718,0.05407509563540225,0.45084626248135296,0.0,0.7297733005568688,False
D,train,2267,0.25997952551782566,0.026021396814535747,0.038435903847646606,0.6876118215956192,-0.06107191531386347,0.5350683722981915,COMPLETED,0.7231374156901063,0.027423906780315255,4.233494053505746,0.0008670690698497976,0.0004991122839312027,0.6000000006001818,1.000000001000303,1.0000000002674658,1.0000000003599745,0.5656065498117209,40.13274336283186,-0.007767955732799647,0.23204948492699984,0.005706474895048989,0.0006343324541474837,0.5156252835919514,0.049981266219769484,0.4377557560477309,"LQD,HYG,XLP,USO,MUB",5,0.04898091022693694,0.07381293499396047,1.0000000000471407,0.04396697442995229,1.000000000570218,True
D,development,2012,0.12357443524390255,0.01470034059795955,0.03845875095214748,0.3987145416574526,-0.07896932805887313,0.5308151093439364,COMPLETED,0.44747335496786456,0.016604520257507582,4.678186646935548,0.0009506044300369057,0.0009243121470229342,0.6000000003583261,1.0000000005972103,1.0000000005611502,1.0000000002606209,0.6190134124672343,44.681592039801,-0.04192926846052836,0.17780879986271986,-0.05537969162339272,-0.0069362238017370605,0.5265825567583174,0.0924308557089167,0.34613418673491286,"SPY,QQQ,HYG,PDBC,XLU",4,0.08219995607066372,0.15394739972375904,0.8472812827819397,0.014991285475354957,1.0000000003288687,False
D,diagnostic_2022,251,-0.03728149918760448,-0.03742721621876366,0.024967397558860006,-1.5152573081111975,-0.051143406144732007,0.47808764940239046,COMPLETED,-1.466008430531227,-0.0362542607862385,3.490017149544234,0.0007126525047028509,0.0005051871819108506,0.4489616847638147,0.7482694746063578,0.629515066036011,0.5770554772035,0.1763500654864966,45.0,-0.03728149918760448,-0.036410204998263695,-0.0012716995077309665,-0.0012767660396342771,0.12543995546650363,0.05091011001999295,0.6782863014965631,"XLU,PDBC,UUP,QQQ,XLE",1,0.020503475420809127,0.03963502659965301,0.5714285714117405,0.0,0.4489616847660418,False
E,train,2267,0.2619796621358257,0.026202320497415776,0.037800279743384436,0.7031953597680938,-0.05149406584406657,0.5394794883105426,COMPLETED,0.7400648915544984,0.027633199123967778,4.2387307538820735,0.0008689911389898574,0.0005245126784931114,0.6000000002131589,1.000000000355265,1.0000000000731766,1.0000000000585476,0.5695935352136665,40.13274336283186,-0.0066928626634936705,0.23022471052878346,0.00889864120799343,0.000989174055762834,0.517082797896787,0.05251073731687937,0.43505769524434756,"LQD,HYG,XLP,USO,GLD",5,0.04717203934455416,0.07078353441612895,1.000000000013445,0.04396697442969284,1.0000000000887457,True
E,development,2012,0.11525960006172986,0.013756774985745013,0.03685056002791781,0.3892144400001213,-0.08464640327122053,0.5233598409542743,COMPLETED,0.43890534786069507,0.015614888927757642,4.6036427709307235,0.0009359081766974614,0.0008954284445493541,0.6000000008684957,1.0000000014474928,1.0000000002222558,1.0000000002379752,0.6129778383154987,44.681592039801,-0.04192198052766849,0.16939535285187282,-0.05488085518943935,-0.006873745282176301,0.5234360588721266,0.08954177944337202,0.34552534170903215,"SPY,QQQ,PDBC,HYG,XLP",4,0.07794689537775377,0.15077488179413068,0.8472814045268983,0.014991338825860033,1.0000000006555254,False
E,diagnostic_2022,251,-0.036628054961888035,-0.036771267042232214,0.02493746499207205,-1.4897929297271943,-0.05047256612725615,0.46613545816733065,COMPLETED,-1.4405231459597052,-0.03559808230830719,3.4873396526414613,0.0007120952455656891,0.00050515380897156,0.4466975958908288,0.7444959931513814,0.6254488950786512,0.5733281538267638,0.1762992420400362,45.0,-0.036628054961888035,-0.03572797418692734,-0.0012762576252059975,-0.001281342316939886,0.12539234348933956,0.050906898550696626,0.677679563796463,"XLU,PDBC,UUP,QQQ,XLE",1,0.02040417418582336,0.03934632558739437,0.5714285714303831,0.0,0.4466975958976326,False
F,train,2267,0.23400340555775023,0.02364822489615781,0.03953038404772878,0.6110679841442684,-0.06179817826561951,0.5350683722981915,COMPLETED,0.6482862916076988,0.02515466708266323,4.42693810090781,0.0009072922456472474,0.0005633634203708673,0.6000000003064216,1.0000000005107028,1.0000000001137608,1.0000000001658964,0.5841570284283832,40.13274336283186,-0.008712475128985209,0.21362409408364819,0.0036818185897040077,0.00040927140917750775,0.5276998161817411,0.056457212246642116,0.4559262304452892,"LQD,HYG,XLP,GLD,MUB",5,0.04744366336919443,0.06547075243188871,1.0000000000292608,0.043578466434192914,1.0000000001454123,True
F,development,2012,0.15916867816016866,0.018671769520282933,0.04017970722722615,0.48054129533250806,-0.09578197359468055,0.5293240556660039,COMPLETED,0.5309350856543729,0.020737110910059364,5.042595452903297,0.0010241720810350136,0.001001471123031797,0.6000000005663279,1.0000000009438799,1.0000000003657703,1.000000000335653,0.6506512355180211,44.681592039801,-0.051778155233797474,0.21844523680361339,-0.06428764467349829,-0.008051931639026625,0.550778674179017,0.0998725613390041,0.32736259156805375,"SPY,QQQ,XLU,EWJ,HYG",4,0.08751475307140656,0.1598705780038714,0.8311968307420102,0.0,1.0000000004668839,False
F,diagnostic_2022,251,-0.051778155233797474,-0.051978986203283895,0.02748340426638729,-1.928304885454095,-0.05771716573879404,0.4581673306772908,COMPLETED,-1.8794355183742388,-0.050733209238182475,3.9436699854812187,0.0008076990331090519,0.0005056781514656293,0.43365530593298307,0.7227588432216385,0.6236116938701199,0.5718610691935889,0.19593855677475366,45.0,-0.051778155233797474,-0.05356071292778,0.000774633318010485,0.0007777195065284551,0.1448344402854279,0.05110411648932579,0.7204984957797832,"XLU,PDBC,UUP,SPY,QQQ",1,0.032351317464884025,0.08143547501475912,0.5714285714191225,0.0,0.43365530594060064,False
G,train,2267,0.26016681037156064,0.026038348618413476,0.03839494424077369,0.6887349353551541,-0.06107191531398948,0.5346272606969563,COMPLETED,0.7237694769496545,0.0274195953363936,4.2091045214484355,0.0008620511678249189,0.00048338711488129594,0.6000000003612265,1.0000000006020442,1.0000000000756237,1.00000000033541,0.5640258244215369,40.13274336283186,-0.007767955264211035,0.23146036825958366,0.0064301504295048405,0.0007147763159396646,0.5156456049162188,0.04838021950531816,0.44116803975769137,"LQD,HYG,XLP,USO,MUB",5,0.048960854003709656,0.07390994078160995,1.0000000000428306,0.04396697442995229,1.000000000249928,True
G,development,2012,0.12610231863979293,0.014985993465749692,0.0386181995145303,0.40451693780835624,-0.0790716086388713,0.5323061630218688,COMPLETED,0.4530614251557814,0.016890137951900197,4.688157999599787,0.000952565055039035,0.0009217864583832641,0.6000000008832943,1.0000000014721573,1.0000000002394982,1.0000000003089031,0.6194571028254868,44.681592039801,-0.0419292684100947,0.1782692477715386,-0.053543485024255405,-0.006706241663077715,0.5272654013283692,0.09219170149711764,0.34658699921959285,"SPY,HYG,XLU,INDA,QQQ",4,0.08247684402257305,0.1537090938229433,1.000000000045486,0.014991285473535253,1.000000000753709,False
G,diagnostic_2022,251,-0.03728149916133461,-0.0374272161923932,0.024967397557508805,-1.5152573070974429,-0.05114340611866641,0.47808764940239046,COMPLETED,-1.4660084295153872,-0.03625426075983662,3.490017149444314,0.0007126525046821829,0.0005051871819302988,0.44896168465412845,0.7482694744235474,0.6295150658838335,0.5770554770709384,0.17635006548668894,45.0,-0.03728149916133461,-0.03641020497171628,-0.0012716995070287081,-0.0012767660389292209,0.12543995546470446,0.05091011002198448,0.6782863014720996,"XLU,PDBC,UUP,QQQ,XLE",1,0.020503475415543426,0.03963502658358453,0.8000000000344216,0.0,0.44896168467869646,False
H,train,2267,0.25833996185293273,0.02587289850004071,0.03867057909971442,0.6799300771159147,-0.06107191558117642,0.5381561535068372,COMPLETED,0.7153546524696099,0.027279388949029926,4.239865198866415,0.0008686188773444833,0.0005016145447558569,0.6000000003256631,1.000000000542772,1.0000000001617926,1.0000000002935852,0.5637435276040401,40.13274336283186,-0.008848958345470725,0.22895587674888873,0.00757939326388052,0.0008425262913532823,0.5135169099512281,0.05022661765281195,0.4338510180095589,"HYG,LQD,XLP,MUB,GLD",5,0.0525133219413303,0.08381670826347709,1.000000000023357,0.04420221848916542,1.000000000259657,True
H,development,2012,0.15053281752585312,0.01771812776217785,0.03862485327565396,0.4740564515842242,-0.07929825137068569,0.5372763419483101,COMPLETED,0.5212356912416034,0.01957403831276472,4.642812830767384,0.0009431433855993167,0.0008789018834540873,0.6000000007169871,1.0000000011949786,1.0000000007178826,1.00000000033565,0.6117658861758907,44.681592039801,-0.0379591748134398,0.1876858908202374,-0.04149364437469197,-0.0051970170886791135,0.5240949894805397,0.087670896695351,0.3454141227024131,"SPY,HYG,QQQ,PDBC,XLU",5,0.09215053699056301,0.1918145700917302,0.8472812826380719,0.014991285477778823,1.0000000005227823,False
H,diagnostic_2022,251,-0.0379591748134398,-0.03810748781175921,0.025001908092568813,-1.541403694791511,-0.051837337221084745,0.46613545816733065,COMPLETED,-1.4921836998477935,-0.03693479178999326,3.4928478258680955,0.0007132332199762365,0.0005051975645691284,0.45141083991250597,0.7523513998541767,0.6338244515653452,0.5810896499775949,0.17641283154130377,45.0,-0.0379591748134398,-0.037114824388135875,-0.001270280418179854,-0.0012753412963399332,0.12550172455430886,0.050911106986994914,0.6783153036487604,"PDBC,XLU,UUP,QQQ,XLE",1,0.020611321733345903,0.03994258054500932,0.5714285714117405,0.0,0.451410839916646,False
