period,grouping,state,events,mean_gross_change_fraction,mean_volatility_stress_multiplier,mean_liquidity_stress_multiplier,mean_drawdown_stress_multiplier,mean_total_cost_multiplier,p95_total_cost_multiplier,mean_turnover,total_turnover,total_baseline_transaction_cost,total_state_transaction_cost,total_incremental_state_cost,execution_day_return_sum
locked_2021_2024,threshold_state,expansion,1,0.134365246409662,2.2760328576563147,1.30144651682305,1.5,4.0,4.0,0.1016729586989279,0.1016729586989279,2.0419978352799056e-05,8.167991341119622e-05,6.125993505839717e-05,-0.0031525055625403
locked_2021_2024,threshold_state,normal,97,-0.0034844453409157605,1.1509052175213899,1.0696953029441962,1.1288659793814433,1.404084919038089,2.3881253878601725,0.015935941723258625,1.5457863471560866,0.00031079904200812485,0.0004125248185412703,0.0001017257765331455,0.026651569837707834
locked_2021_2024,threshold_state,deleveraging,2,-0.12232024569416428,1.4480094790739457,1.0443820048231338,1.5,2.2385872258456194,2.7834843160842153,0.10267970777337829,0.20535941554675657,4.130553106425229e-05,9.310791135136777e-05,5.180238028711548e-05,-0.0076353518352711
locked_2021_2024,gross_direction,reduction,67,-0.010855290877932177,1.1579373047470582,1.063018094171101,1.1343283582089552,1.4124966991829346,2.766676313290538,0.013073487857792448,0.8759236864720941,0.00017653671285664075,0.00025564190862083176,7.9105195764191e-05,0.017559312522026336
locked_2021_2024,gross_direction,non_reduction,33,0.008455698356786685,1.1887290453735189,1.0887406849270487,1.1515151515151516,1.516246447064523,2.468220744260608,0.029602879846353843,0.9768950349296768,0.00019598783856853544,0.0003316707346830026,0.00013568289611446714,-0.001695600082129906
calendar_2022,threshold_state,expansion,1,0.134365246409662,2.2760328576563147,1.30144651682305,1.5,4.0,4.0,0.1016729586989279,0.1016729586989279,2.0419978352799056e-05,8.167991341119622e-05,6.125993505839717e-05,-0.0031525055625403
calendar_2022,threshold_state,normal,23,-0.0008785478448132726,1.4171392259854074,1.0909530089569954,1.326086956521739,2.030949077507624,2.9335432065911182,0.010179761171129866,0.23413450693598692,4.684681648938494e-05,0.00012156718934769102,7.472037285830605e-05,0.004618860080964224
calendar_2022,threshold_state,deleveraging,1,-0.12377291427902702,1.8960189581478917,1.0,1.5,2.844028437221837,2.844028437221837,0.1054528918059714,0.1054528918059714,2.118285593735653e-05,6.0244644667415406e-05,3.9061788730058876e-05,-0.0007780441584489
calendar_2022,gross_direction,reduction,15,-0.010283197836598704,1.497493236402241,1.0380482722403153,1.3333333333333333,2.0850833301564644,3.1955666705796437,0.008711849278679547,0.1306777391801932,2.6228851871766145e-05,7.114864107741631e-05,4.4919789205650194e-05,-0.002454284392091499
calendar_2022,gross_direction,non_reduction,10,0.014463369924891037,1.4303855467434967,1.1822641639229217,1.35,2.2279607267550228,3.4028756092586656,0.031058261826069293,0.31058261826069294,6.222079890777439e-05,0.00019234310634888633,0.0001301223074411119,0.0031425947520665235
