decision_session,execution_session,gross_before,gross_after,gross_change,gross_change_fraction,turnover,volatility_ratio,liquidity_ratio,prior_drawdown,volatility_stress_multiplier,liquidity_stress_multiplier,drawdown_stress_multiplier,total_cost_multiplier,baseline_transaction_cost,state_transaction_cost,incremental_state_cost,execution_day_portfolio_return,rebalance_state,gross_direction
2021-01-11,2021-01-12,0.931008989515013,0.9286395149359644,-0.0023694745790485694,-0.002545060902454756,0.0026567870170783,0.5297760281507629,1.1961951779277875,-0.006740694676717,1.0,1.0,1.0,1.0,5.350922746821055e-07,5.350922746821055e-07,0.0,9.68293992081558e-05,normal,reduction
2021-01-26,2021-01-27,0.9285988798745234,0.926556717902159,-0.002042161972364398,-0.0021991863404361898,0.0029372979099457,0.5474458309788074,0.8879267994665763,-0.0015608584361398,1.0,1.1262189637712838,1.0,1.1262189637712838,5.876510732964517e-07,6.618237828270125e-07,7.417270953056086e-08,-0.0024884849911229,normal,reduction
2021-02-09,2021-02-10,0.9268888388792287,0.9263139417221538,-0.0005748971570749273,-0.0006202439094747099,0.0005830642636852,0.8051320064708222,0.8810150986402457,-0.0006659407942944,1.0,1.1350543271544324,1.0,1.1350543271544324,1.1680712234274949e-07,1.3258242965759497e-07,1.5775307314845478e-08,0.0009481267680178,normal,reduction
2021-02-24,2021-02-25,0.9253864386328488,0.928548584160374,0.003162145527525251,0.0034171081350586404,0.004753735974207,0.7851474559056079,1.33173767200772,-0.0022155649077947,1.0,1.0,1.0,1.0,9.51173765663034e-07,9.51173765663034e-07,0.0,-0.0084100438055413,normal,non_reduction
2021-03-10,2021-03-11,0.9291264790821174,0.9311249997730038,0.0019985206908863518,0.002150967318099348,0.0059994283356675,0.9124110635228264,1.2484597968278313,-0.0077932032010268,1.0,1.0,1.0,1.0,1.2006605671997448e-06,1.2006605671997448e-06,0.0,0.0018270282367366,normal,non_reduction
2021-03-24,2021-03-25,0.9314431198821312,0.9849202296547336,0.05347710977260234,0.05741317814379214,0.2500000000054909,0.9841407411946896,1.0336167238501202,-0.0213230619126679,1.0,1.0,1.0,1.0,5.004777214261951e-05,5.004777214261951e-05,0.0,1.2929142245230973e-05,normal,non_reduction
2021-04-08,2021-04-09,0.9854009082895713,0.999999999983796,0.014599091694224686,0.014815382826838816,0.0705223886119966,0.6251280410061114,0.7991449855936297,0.0,1.0,1.2513373893689252,1.0,1.2513373893689252,1.432494006173843e-05,1.79253330997221e-05,3.600393037983669e-06,-0.0004714444041033,normal,non_reduction
2021-04-22,2021-04-23,0.9991750605814944,0.9588634057282184,-0.040311654853276035,-0.040344936982129716,0.0403116548610571,0.6265647348599663,0.979180667321052,-0.0119588158862904,1.0,1.021261993188558,1.0,1.0212619931885585,8.397122666485398e-06,8.575662231423698e-06,1.7853956493830076e-07,0.0018042141022775,normal,reduction
2021-05-06,2021-05-07,0.958005341438168,0.9595231257657008,0.0015177843275328007,0.00158431718684813,0.002114804085046,0.5829029457921892,1.0720218565113293,-0.0023568851152389,1.0,1.0,1.0,1.0,4.230649506972674e-07,4.230649506972674e-07,0.0,0.0022580053257638,normal,non_reduction
2021-05-20,2021-05-21,0.9571235353893124,0.9570243247421598,-9.921064715257e-05,-0.00010365500740948327,9.921064715325e-05,0.8748611916356582,0.952431750951706,-0.0162039695142993,1.0,1.0499439975628302,1.0,1.04994399756283,1.9843927002894965e-08,2.0835012044764528e-08,9.910850418695626e-10,-0.0001458724491654,normal,reduction
2021-06-04,2021-06-07,0.9581224540713014,0.9605362729275368,0.0024138188562354834,0.0025193218737109904,0.0025624939977699,0.8680751460861537,0.8819142855611565,0.0,1.0,1.1338970423454546,1.0,1.1338970423454546,5.125559808106752e-07,5.811857106776982e-07,6.862972986702305e-08,-0.0004854122616516,normal,non_reduction
2021-06-18,2021-06-21,0.9650289075204771,0.956368552611248,-0.008660354909229118,-0.008974192215112843,0.0086603549298355,0.505882724990884,1.6241525986139111,-0.0211226328982545,1.0,1.0,1.0,1.0,1.7375947535639634e-06,1.7375947535639634e-06,0.0,0.0006017128715493,normal,reduction
2021-07-02,2021-07-06,0.9565539089128073,0.9570547619719943,0.000500853059187012,0.00052360149754264,0.002081454060416,0.6096542739125925,0.8908462393743738,0.0,1.0,1.1225281713062885,1.0,1.1225281713062885,4.164216802278784e-07,4.674450671984923e-07,5.102338697061388e-08,0.0007729347635127,normal,non_reduction
2021-07-19,2021-07-20,0.9584835728217193,0.958528478479294,4.49056575747564e-05,4.685073260312306e-05,0.0027153465451215,0.7654887144049553,1.799591246835681,-0.0277067463280682,1.0,1.0,1.0,1.0,5.433362622556498e-07,5.433362622556498e-07,0.0,0.0015471655997029,normal,non_reduction
2021-08-02,2021-08-03,0.9570881155255866,0.9577726625629291,0.0006845470373425533,0.0007152393037151371,0.0020526046579077,0.836265071912966,1.079253026622338,-0.0077773573551195,1.0,1.0,1.0,1.0,4.106999520689555e-07,4.106999520689555e-07,0.0,0.0010880818759578,normal,non_reduction
2021-08-16,2021-08-17,0.9588646342687932,0.9276436169259878,-0.031221017342805357,-0.032560401361151195,0.0316081230061026,0.5927406297178203,0.9372216842674456,0.0,1.0,1.066983422157612,1.0,1.0669834221576122,6.457195160054916e-06,6.8897201894149646e-06,4.3252502936004887e-07,-0.0017575082579476,normal,reduction
2021-08-30,2021-08-31,0.9280084320460149,0.9273019087474532,-0.0007065232985616898,-0.0007613328437156454,0.0019668149340369,0.6326763589796656,0.7900818839364586,0.0,1.0,1.265691595177018,1.0,1.265691595177018,3.9342022766469747e-07,4.979486755278365e-07,1.0452844786313904e-07,-0.0007623661957428,normal,reduction
2021-09-14,2021-09-15,0.9272094756139815,0.9268720174540934,-0.00033745815988805994,-0.0003639502925319019,0.0003499800456008,0.6862745591151282,1.1092186091265452,-0.0199033471125478,1.0,1.0,1.0,1.0,7.000484540622905e-08,7.000484540622905e-08,0.0,0.0007284689213219,normal,reduction
2021-09-28,2021-09-29,0.9276245255478788,0.925420466183952,-0.002204059363926758,-0.0023760253240663123,0.0023612762789275,1.0644369984305582,1.5221853694793566,-0.0398960405078855,1.0644369984305582,1.0,1.0,1.0644369984305582,4.723326755240205e-07,5.027683753954631e-07,3.04356998714426e-08,-2.6018671942318004e-05,normal,reduction
2021-10-12,2021-10-13,0.9263652964359645,0.92561500715944,-0.0007502892765245406,-0.0008099280914463798,0.001459195785434,1.3196423022644803,1.1505399967507952,-0.0401175643957735,1.3196423022644803,1.0,1.0,1.3196423022644803,2.9194322440814e-07,3.852606287884738e-07,9.331740438033378e-08,0.0025930735503948,normal,reduction
2021-10-26,2021-10-27,0.9253039092145562,0.8485698396330128,-0.07673406958154338,-0.08292850469709899,0.2500000000424635,1.0146838144795465,0.9900549955500958,0.0,1.0146838144795465,1.0100449010354,1.0,1.0248762129782156,5.046598649885013e-05,5.172138912715128e-05,1.2554026283011495e-06,0.0018011050188369,normal,reduction
2021-11-09,2021-11-10,0.8502110340086614,0.8657858659037825,0.0155748318951211,0.018318783539761064,0.0160717020719041,0.6436726796806709,1.0027226667418827,-0.003305370168895,1.0,1.0,1.0,1.0,3.21602955219896e-06,3.21602955219896e-06,0.0,-0.0046057026602905,normal,non_reduction
2021-11-23,2021-11-24,0.8638431376344454,0.8620914173250648,-0.0017517203093806444,-0.002027822220336864,0.0017517203093813,0.6114185761810448,1.1969424898349448,-0.0032786240726164,1.0,1.0,1.0,1.0,3.503745045168269e-07,3.503745045168269e-07,0.0,0.0014689206627507,normal,reduction
2021-12-08,2021-12-09,0.8628694500425552,0.8634821268270984,0.0006126767845431313,0.0007100457485346308,0.0006126767845427,1.5346139930864235,0.9930123879520332,-0.0004471293041407,1.5346139930864235,1.0070367823531163,1.0,1.5454127377518194,1.225406228056889e-07,1.893758393759527e-07,6.683521657026381e-08,-0.0013055896175881,normal,non_reduction
2021-12-22,2021-12-23,0.8637576114467794,0.8644501062806285,0.0006924948338490333,0.0008017235676674573,0.0012389555748302,1.8579318227714696,0.8272162017618474,-0.0029885837445637,1.8579318227714696,1.2088738081654455,1.0,2.246005117905514,2.478231630400906e-07,5.566120925235761e-07,3.087889294834855e-07,0.0003855282809457,normal,non_reduction
2022-01-06,2022-01-07,0.8629084447238549,0.8615847578040476,-0.001323686919807221,-0.0015339830406119422,0.0013236869198078,1.3692270559446464,1.2462870881007715,-0.0204518846586805,1.3692270559446464,1.0,1.0,1.3692270559446464,2.647578508353317e-07,3.6251361263749304e-07,9.775576180216135e-08,-0.0017188586147009,normal,reduction
2022-01-21,2022-01-24,0.8598250604277116,0.8579428741721127,-0.0018821862555988833,-0.002189033958445696,0.0018821862555991,1.231946674542619,1.7892700337688594,-0.0831675037157246,1.231946674542619,1.0,1.0,1.231946674542619,3.764739059619037e-07,4.6379577650183794e-07,8.732187053993424e-08,-0.0007697779705167,normal,reduction
2022-02-04,2022-02-07,0.8562345278986632,0.8555971924241,-0.0006373354745631277,-0.0007443468510050057,0.0006373354745638,1.5942411189062358,1.1790614431942716,-0.0607272290927574,1.5942411189062358,1.0,1.0,1.5942411189062358,1.2747226510754333e-07,2.0322152655456218e-07,7.574926144701885e-08,-0.0001865954119935,normal,reduction
2022-02-18,2022-02-22,0.8541708570139648,0.8530774885549361,-0.0010933684590286319,-0.001280034843205563,0.0010933684590288,1.7529567824217842,1.0075570390659132,-0.0910176079438677,1.7529567824217842,1.0,1.0,1.7529567824217842,2.1869076339321037e-07,3.833554569431257e-07,1.6466469354991533e-07,-0.0020061882380124,normal,reduction
2022-03-07,2022-03-08,0.851986821349516,0.7465339295437616,-0.10545289180575435,-0.12377291427902702,0.1054528918059714,1.8960189581478917,1.4814139697852478,-0.1219988934331472,1.8960189581478917,1.0,1.5,2.844028437221837,2.118285593735653e-05,6.0244644667415406e-05,3.9061788730058876e-05,-0.0007780441584489,deleveraging,reduction
2022-03-21,2022-03-22,0.7445732348770286,0.7456033952015656,0.001030160324536955,0.001383558092451568,0.0010301603250973,2.038436923744954,0.9567664192137036,-0.0668595615019551,2.038436923744954,1.0451871845814016,1.0,2.1305481492757625,2.060865221044897e-07,4.39077258260399e-07,2.329907361559093e-07,0.0003188609306518,normal,non_reduction
2022-04-04,2022-04-05,0.746366989341033,0.7463669893410333,3.3306690738754696e-16,4.462508553354049e-16,0.0,1.5853305036032324,0.833562755411158,-0.0408006540029263,1.5853305036032324,1.199669723135298,1.0,1.901873006335632,0.0,0.0,0.0,-0.0069462942202235,normal,non_reduction
2022-04-19,2022-04-20,0.7406029011287059,0.7382451097434681,-0.0023577913852377286,-0.003183610787433277,0.0023577913852382,1.2762735669180325,0.8974671691091115,-0.0654946958911577,1.2762735669180325,1.1142468877080705,1.0,1.4220838498024952,4.716142567136306e-07,6.70675017809062e-07,1.9906076109543143e-07,0.0029894325590666,normal,reduction
2022-05-03,2022-05-04,0.7351178010073116,0.7330595895808785,-0.002058211426433143,-0.0027998389150865792,0.0020582114264336,1.7426491574222476,1.0042212186553168,-0.1256753797859545,1.7426491574222476,1.0,1.5,2.6139737361333713,4.117026684541664e-07,1.076179962435216e-06,6.644772939810496e-07,0.0068746252957502,normal,reduction
2022-05-17,2022-05-18,0.7317892382564434,0.8301162795747092,0.09832704131826586,0.134365246409662,0.1016729586989279,2.2760328576563147,0.7683757934525742,-0.1426001081247448,2.2760328576563147,1.30144651682305,1.5,4.0,2.0419978352799056e-05,8.167991341119622e-05,6.125993505839717e-05,-0.0031525055625403,expansion,non_reduction
2022-06-01,2022-06-02,0.8377917418846724,0.8352981681802899,-0.0024935737043825235,-0.0029763646258592273,0.0029347283179879,2.144922516009306,0.8510111575422087,-0.139933471224259,2.144922516009306,1.1750727251192377,1.5,3.780659919085,5.873843455939708e-07,2.220700452485097e-06,1.6333161068911264e-06,0.0033745028331406,normal,reduction
2022-06-15,2022-06-16,0.825230050795223,0.8229127790560364,-0.0023172717391866104,-0.002808031211361728,0.0023172717391869,1.963208280813471,1.2217555847693116,-0.2037469450811919,1.963208280813471,1.0,1.5,2.9448124212202065,4.635199787778476e-07,1.364979390988732e-06,9.014594122108844e-07,-0.0057004727168197,normal,reduction
2022-06-30,2022-07-01,0.8258220610864283,0.8236801409117737,-0.0021419201746546435,-0.0025936824354592723,0.002141920174655,1.8880801832862169,1.0046804193362546,-0.204419883110113,1.8880801832862169,1.0,1.5,2.832120274929325,4.285179450863053e-07,1.2136143604499762e-06,7.85096415363671e-07,0.0057504183331857,normal,reduction
2022-07-15,2022-07-18,0.8266022014552085,0.8269246799056528,0.0003224784504443079,0.0003901253225270804,0.2009040534183566,1.3990613186344214,0.7850906467878652,-0.1878018462609875,1.3990613186344214,1.2737382671560527,1.5,2.673056909463705,4.019947658029479e-05,0.0001074554886297,6.72560120494052e-05,-0.0023672955221614,normal,non_reduction
2022-07-29,2022-08-01,0.8335721824616482,0.8354530885859518,0.001880906124303583,0.0022564406105168,0.0018809061773914,1.057376011396973,0.9489971423386722,-0.1311567584873942,1.057376011396973,1.0537439528380859,1.5,1.6713053668284228,3.76198382586513e-07,6.287423758090113e-07,2.5254399322249834e-07,0.0007619604474333,normal,non_reduction
2022-08-12,2022-08-15,0.8347623641023413,0.8351887492963632,0.00042638519402193875,0.0005107863175892585,0.0004263852253476,1.0008733148991966,0.7767089520162292,-0.0992914038105294,1.0008733148991966,1.2874835514694893,1.0,1.2886079300374582,8.527890615258313e-08,1.0989107473313881e-07,2.4612168580555677e-08,3.729299526372328e-05,normal,non_reduction
2022-08-26,2022-08-29,0.8291665912413749,0.8277075898928611,-0.0014590013485138442,-0.0017595997763604069,0.0014590013485141,1.0649998921295951,0.9967203089462175,-0.1452441481378429,1.0649998921295951,1.0032904828208526,1.5,1.6027563839682863,2.918125614700162e-07,4.677044458182064e-07,1.7589188434819023e-07,-0.0025222371317624,normal,reduction
2022-09-12,2022-09-13,0.8255355111828478,0.8250166989210961,-0.0005188122617517665,-0.0006284554143629744,0.0005188122617521,1.0460294559867591,0.9758679202468404,-0.1333079549415341,1.0460294559867591,1.024728838045066,1.5,1.6078448234913365,1.0376492081728106e-07,1.668378907960538e-07,6.307296997877273e-08,-0.0078949820407082,normal,reduction
2022-09-26,2022-09-27,0.8117398158663174,0.8079724780377184,-0.003767337828598949,-0.004641065714607473,0.0037673378285992,1.1068206998404695,1.3400366681410782,-0.2285528143368266,1.1068206998404695,1.0,1.5,1.6602310497607042,7.535445360645344e-07,1.2510580361518648e-06,4.975135000873303e-07,-0.0039892599138416,normal,reduction
2022-10-10,2022-10-11,0.8092246932258452,0.8081977744448622,-0.0010269187809830438,-0.0012690156264132226,0.0010269187809834,1.3850242036643412,0.9034031135644076,-0.2376371033812362,1.3850242036643412,1.1069255628912613,1.5,2.2996780443887577,2.054137016331761e-07,4.723853796624381e-07,2.66971678029262e-07,2.7327885334199647e-05,normal,reduction
2022-10-24,2022-10-25,0.8054886805963158,0.8063075959623838,0.0008189153660679294,0.0010166689933639708,0.0008189153669977,1.411829713257838,0.93861956711429,-0.1977212672579473,1.411829713257838,1.0653943674692605,1.5,2.2562331364959625,1.638115120206435e-07,3.695969615604825e-07,2.05785449539839e-07,0.0058499121946674,normal,non_reduction
2022-11-07,2022-11-08,0.8077786138365756,0.8089052753404725,0.001126661503896953,0.0013947652049685134,0.0011266615097309,1.1476156644800932,0.8070590778487123,-0.1954343533536537,1.1476156644800932,1.2390666649405504,1.5,2.1329584710313245,2.2538320403591626e-07,4.80733014276589e-07,2.5534981024067273e-07,0.0016089902865514,normal,non_reduction
2022-11-21,2022-11-22,0.8183851397752355,0.8200796934460891,0.0016945536708535824,0.00207060659889179,0.001694553674796,1.2093492844647582,0.7779956591850379,-0.1644333296193669,1.2093492844647582,1.2853542152761044,1.5,2.331663300791877,3.3895960765974434e-07,7.903396776310389e-07,4.513800699712946e-07,0.0039848777616251,normal,non_reduction
2022-12-06,2022-12-07,0.8253893666560665,0.8264173905145228,0.0010280238584562396,0.0012455016989389074,0.0010280238640476,1.1779498752971866,0.9332213008901806,-0.1660426772165999,1.1779498752971866,1.0715571955399223,1.5,1.893360997290082,2.056258401206493e-07,3.893239457194435e-07,1.8369810559879418e-07,0.003046795440799,normal,non_reduction
2022-12-20,2022-12-21,0.8250895528164996,0.8233832758146279,-0.0017062770018717588,-0.0020679900697412367,0.0017062770018719,0.8672328139417516,0.8722505453498762,-0.1904845460091344,1.0,1.146459587020242,1.5,1.719689380530363,3.413262345006961e-07,5.869751007672635e-07,2.4564886626656735e-07,0.0040958248982355,normal,reduction
2023-01-05,2023-01-06,0.8244282114575788,0.8238883747245106,-0.000539836733068233,-0.0006548013830261926,0.0005398367330687,0.7446158971849014,0.8718259908337808,-0.1929521669496156,1.0,1.147017880303888,1.5,1.720526820455832,1.0799603519270189e-07,1.858100750519355e-07,7.781403985923362e-08,0.0072730431029649,normal,reduction
2023-01-20,2023-01-23,0.8308709523340048,0.8316336335480673,0.0007626812140625328,0.0009179298083776791,0.0014848827163417,0.7672324039052439,0.9823551242683802,-0.1578521222935377,1.0,1.0179618096304643,1.5,1.5269427144456964,2.970134594763276e-07,4.535225380396905e-07,1.565090785633629e-07,0.0006261999257469,normal,non_reduction
2023-02-03,2023-02-06,0.8323283918895086,0.8325632010435934,0.00023480915408480296,0.0002821111911750979,0.000234809155766,0.7098256597288444,1.2721824911793684,-0.1228157845247939,1.0,1.0,1.5,1.5,4.6962699103539516e-08,7.044404865530927e-08,2.3481349551769755e-08,-0.0035093497514003,normal,non_reduction
2023-02-17,2023-02-21,0.8265783582334807,0.7266718347828156,-0.09990652345066509,-0.12086757710930153,0.0999065237407852,0.649504539542414,0.9184726819955166,-0.133643641232486,1.0,1.0887640096462676,1.5,1.6331460144694014,2.012267512689576e-05,3.286326668395237e-05,1.2740591557056608e-05,-0.0068573076768222,deleveraging,reduction
2023-03-06,2023-03-07,0.7257266392087639,0.7254540101013525,-0.0002726291074114373,-0.0003756636351514889,0.0002726291074117,0.6254962569345697,0.9084362599412114,-0.1395787273174386,1.0,1.100792696302891,1.5,1.6511890444543362,5.4526894929738166e-08,9.003421153609636e-08,3.550731660635819e-08,-0.0029693746868499,normal,reduction
2023-03-20,2023-03-21,0.7289114609260603,0.727832149978215,-0.0010793109478453022,-0.0014807161167065062,0.0010793109478686,0.8253345354801739,1.0962758918095734,-0.1592078674738837,1.0,1.0,1.5,1.5,2.1593128268921474e-07,3.238969240338221e-07,1.0796564134460738e-07,0.0026263011922074,normal,reduction
2023-04-03,2023-04-04,0.7316527881511072,0.7328423486864007,0.0011895605352935101,0.001625853894850233,0.0011895605362927,0.893647601944612,1.0860485505485409,-0.1224574332835407,1.0,1.0,1.5,1.5,2.3792136875600037e-07,3.568820531340006e-07,1.1896068437800023e-07,4.770572848273732e-05,normal,non_reduction
2023-04-18,2023-04-19,0.7318072534381245,0.6653207915673239,-0.06648646187080054,-0.09085242262691248,0.0664864618861711,0.5885487172259228,0.7688988229670934,-0.1154961626469502,1.0,1.300561231373867,1.5,1.9508418470608009,1.33515368268456e-05,2.6046736764383773e-05,1.2695199937538173e-05,-0.0014927164276306,normal,reduction
2023-05-02,2023-05-03,0.6661207830475693,0.665561320926518,-0.0005594621210512907,-0.0008398808974127717,0.0006019787910314,0.6038863641881311,1.0733440483595718,-0.1226924545249552,1.0,1.0,1.5,1.5,1.2047846091949837e-07,1.8071769137924758e-07,6.023923045974921e-08,0.0006656484598114,normal,reduction
2023-05-16,2023-05-17,0.6641367224833233,0.6611972407507108,-0.0029394817326124922,-0.004426018970342818,0.0029394818270708,0.6905914705378724,0.8515320158498035,-0.1239523671226451,1.0,1.174353966012693,1.5,1.7615309490190394,5.882688256719802e-07,1.0362537427642792e-06,4.4798491709229897e-07,0.0010560497457196,normal,reduction
2023-05-31,2023-06-01,0.6614374908853501,0.6608046565600526,-0.0006328343252974822,-0.0009567560563439157,0.0006328344437502,0.6560207357164193,1.2535874155340072,-0.1077233098259909,1.0,1.0,1.5,1.5,1.2663853076550292e-07,1.8995779614825436e-07,6.331926538275145e-08,0.0026276991987417,normal,reduction
2023-06-14,2023-06-15,0.6622913660447564,0.6602487109346197,-0.002042655110136682,-0.0030842242778062173,0.0026204978400783,0.5983792926993428,1.233581766011498,-0.0664461473634231,1.0,1.0,1.0,1.0,5.249893825453125e-07,5.249893825453125e-07,0.0,0.0039563765491287,normal,reduction
2023-06-29,2023-06-30,0.660506947370637,0.6601178442441558,-0.00038910312648121614,-0.0005890977044680118,0.0003891032588731,0.5548980470874634,0.981183338771462,-0.0609849833473872,1.0,1.0191775180896347,1.0,1.0191775180896347,7.78387423472418e-08,7.933149623668044e-08,1.4927538894386488e-09,0.003388018353517,normal,reduction
2023-07-14,2023-07-17,0.6623612810718646,0.6600067802101984,-0.00235450086166622,-0.003554707874614975,0.0030843154401496,0.5575063914978571,1.0614309719802824,-0.0370438534118134,1.0,1.0,1.0,1.0,6.174065340971303e-07,6.174065340971303e-07,0.0,0.0010710024371932,normal,reduction
2023-07-28,2023-07-31,0.6606542252489169,0.6598338932902148,-0.0008203319587021252,-0.0012416963781515904,0.0008540977812932,0.4943979458595419,0.9116924588881417,-0.0206688011650192,1.0,1.096861107329498,1.0,1.0968611073294985,1.709950260369788e-07,1.8755779360675695e-07,1.6562767569778142e-08,0.0008961976707879,normal,reduction
2023-08-11,2023-08-14,0.6573967354301667,0.6523344070398326,-0.005062328390334159,-0.007700568191933035,0.0050623284094223,0.54840695196163,0.8523446234436032,-0.0448243292791205,1.0,1.1732343614251315,1.0,1.1732343614251317,1.0133389425647708e-06,1.188884067187197e-06,1.7554512462242612e-07,-0.0004882980926139,normal,reduction
2023-08-25,2023-08-28,0.6512916700417054,0.6491330262280546,-0.002158643813650829,-0.0033144041493922386,0.0021586439980421,0.6864418719424795,1.0180695874407288,-0.0569982662333964,1.0,1.0,1.0,1.0,4.319659662244166e-07,4.319659662244166e-07,0.0,0.0017589548773165,normal,reduction
2023-09-11,2023-09-12,0.6502066763944744,0.6000000003012812,-0.05020667609319318,-0.07721648810436584,0.0503377609298093,0.7266804662453155,0.781878131911426,-0.0388228818531952,1.0,1.2789716954422812,1.0,1.2789716954422812,1.011038259404922e-05,1.293089316788126e-05,2.82051057383204e-06,-0.0005040892190684,normal,reduction
2023-09-25,2023-09-26,0.5964849983037943,0.5953943887987475,-0.0010906095050468023,-0.0018283938542429975,0.0010906095050471,0.7380771045311899,0.958934210852818,-0.0703198800404756,1.0,1.0428244072246213,1.0,1.042824407224621,2.181308734206547e-07,2.274721987722831e-07,9.341325351628409e-09,-0.0027849721863146,normal,reduction
2023-10-09,2023-10-10,0.5939309738612535,0.6000000002132893,0.006069026352035767,0.010218403516792398,0.0072181205283299,0.8741434560027889,0.9094846810920924,-0.07019090081879,1.0,1.0995237421692672,1.0,1.0995237421692672,1.4449066897096723e-06,1.5887092105549873e-06,1.43802520845315e-07,0.0005433276138492,normal,non_reduction
2023-10-23,2023-10-24,0.5973237989225214,0.5999999998888879,0.0026762009663664488,0.004480318666682788,0.0044109115665613,0.9024262837453332,1.2364908627865585,-0.0956360169610058,1.0,1.0,1.0,1.0,8.826809304900334e-07,8.826809304900334e-07,0.0,0.0024707292739857,normal,non_reduction
2023-11-06,2023-11-07,0.605250773883985,0.6000000001690398,-0.0052507737149452005,-0.008675368857854074,0.0074919082854019,1.126457885590483,1.03009140955652,-0.0628779491065006,1.126457885590483,1.0,1.0,1.126457885590483,1.5018449811614383e-06,1.6917651219637929e-06,1.8992014080235458e-07,0.0017529919708049,normal,reduction
2023-11-20,2023-11-21,0.6044995048537924,0.6000000001089661,-0.004499504744826299,-0.00744335555066265,0.0063378328089077,1.0716680117595658,0.8948909298447112,-0.0229359087613917,1.0716680117595658,1.1174546155848604,1.0,1.1975403661153772,1.269766657898465e-06,1.5205968283808269e-06,2.5083017048236193e-07,-0.0001235773306783,normal,reduction
2023-12-05,2023-12-06,0.6036592353652073,0.6000000001306967,-0.003659235234510616,-0.006061756401849494,0.0050577539311622,0.7515505818584484,1.0024269022446932,-0.0179027243474451,1.0,1.0,1.0,1.0,1.0121417719816094e-06,1.0121417719816094e-06,0.0,0.0007039564075718,normal,reduction
2023-12-19,2023-12-20,0.605441581239856,0.6000000000708261,-0.00544158116902993,-0.008987788975257307,0.0077712426364309,0.5539506470319785,0.8351757528841132,0.0,1.0,1.1973527686198973,1.0,1.1973527686198973,1.5557668996247663e-06,1.862801804592908e-06,3.070349049681417e-07,-0.0005224653546608,normal,reduction
2024-01-04,2024-01-05,0.5981296136133172,0.6000000000972777,0.00187038648396054,0.0031270588203474573,0.0902954332529475,0.817651201119847,0.989836587949887,-0.0197404227432774,1.0,1.010267767603098,1.0,1.010267767603098,1.8128640549865397e-05,1.8314781217991513e-05,1.861406681261151e-07,-0.000555516717178,normal,non_reduction
2024-01-19,2024-01-22,0.6016494239753016,0.6000000001775716,-0.001649423797730032,-0.0027415031611461205,0.0901570045655012,0.9162815530007644,1.0997192755355745,0.0,1.0,1.0,1.0,1.0,1.808905328657616e-05,1.808905328657616e-05,0.0,0.0005280271114755,normal,reduction
2024-02-02,2024-02-05,0.601664920370691,0.6000000000174331,-0.001664920353257826,-0.002767188674107931,0.0025875011048548,0.9805986439961148,1.3322855262247415,0.0,1.0,1.0,1.0,1.0,5.182727387309467e-07,5.182727387309467e-07,0.0,-0.0025360497109517,normal,reduction
2024-02-16,2024-02-20,0.5995063685484254,0.5982655791367335,-0.0012407894116919227,-0.0020696851222718866,0.0016292891739982,1.0093545551076828,0.9925888326819846,-0.0049799721921627,1.0093545551076828,1.0074665028196925,1.0,1.0168909037394638,3.2591238201241533e-07,3.314173366844864e-07,5.504954672071053e-09,-0.0001150495831011,normal,reduction
2024-03-04,2024-03-05,0.6007306621370175,0.6000000000128651,-0.0007306621241524036,-0.0012162890463309674,0.0032063172053998,0.9727103279067804,1.062339341477856,-0.0010724808912874,1.0,1.0,1.0,1.0,6.414295439821104e-07,6.414295439821104e-07,0.0,-0.0002553925864762,normal,reduction
2024-03-18,2024-03-19,0.6000079740082219,0.5993795767222782,-0.0006283972859437714,-0.0010473148910770318,0.000828201937477,0.9826190555174285,0.9644785234525456,-0.0045019746909984,1.0,1.0368297226778032,1.0,1.0368297226778034,1.656569143955339e-07,1.7175801261238204e-07,6.1010982168481316e-09,0.0016692607682706,normal,reduction
2024-04-02,2024-04-03,0.6005508432457513,0.5999999996484664,-0.0005508435972848558,-0.0009172305783599494,0.0011897179961812,0.8360527541385336,1.0893055681338804,-0.0082764528382837,1.0,1.0,1.0,1.0,2.37985898480923e-07,2.37985898480923e-07,0.0,0.0004638622857264,normal,reduction
2024-04-16,2024-04-17,0.5964646562150916,0.5957712804890278,-0.0006933757260637607,-0.0011624757960741969,0.0025974829532739,1.0066498563372408,1.2187257682518848,-0.0375403460260643,1.0066498563372408,1.0,1.0,1.0066498563372408,5.196059287328004e-07,5.23061233510852e-07,3.4553047780516605e-09,0.0007884412368571,normal,reduction
2024-04-30,2024-05-01,0.5963707532388347,0.6000000000415143,0.00362924680267962,0.006085554636892427,0.005038653072704,1.195313073187802,1.1154988570041842,-0.0405030081833687,1.195313073187802,1.0,1.0,1.195313073187802,1.0090958722358312e-06,1.2061854881833372e-06,1.97089615947506e-07,0.0010629553296509,normal,non_reduction
2024-05-14,2024-05-15,0.6040903755396808,0.6000000001351946,-0.004090375404486202,-0.00677113155598937,0.0065684956666376,1.024823607946164,0.7856414929180777,0.0,1.024823607946164,1.272845195950304,1.0,1.3044418060707326,1.3159985918923363e-06,1.7166435799945802e-06,4.006449881022438e-07,0.0036161938609309,normal,reduction
2024-05-29,2024-05-30,0.5994163171123673,0.5983692942963135,-0.0010470228160538442,-0.001746737261170633,0.0010470228160542,0.800900802260147,0.8970607608912936,-0.0098988602935743,1.0,1.1147516908513855,1.0,1.1147516908513857,2.094276038205393e-07,2.334597754699003e-07,2.4032171649361e-08,0.0008965830844374,normal,reduction
2024-06-12,2024-06-13,0.601695570451998,0.6000000000405431,-0.0016955704114548498,-0.0028179871927279192,0.0034773704015732,0.8132592486269978,1.0853289808438444,0.0,1.0,1.0,1.0,1.0,6.956291289716664e-07,6.956291289716664e-07,0.0,0.00106811925412,normal,reduction
2024-06-27,2024-06-28,0.6008659336195534,0.5998512335966207,-0.0010147000229326908,-0.0016887294921518418,0.0010493610621907,0.6482563634190478,0.7095924465615351,-0.0006514117625763,1.0,1.409259645935762,1.0,1.409259645935762,2.0991327187836058e-07,2.958223032045158e-07,8.590903132615521e-08,-0.0017407228501864,normal,reduction
2024-07-12,2024-07-15,0.6028011543472221,0.6000000000663185,-0.0028011542809036616,-0.004646896013225211,0.0038283041018566,0.6429074555160749,1.0178081035531117,-0.0023695199063663,1.0,1.0,1.0,1.0,7.659477774232523e-07,7.659477774232523e-07,0.0,-0.000298361805518,normal,reduction
2024-07-26,2024-07-29,0.5989157235210476,0.5972873385239529,-0.0016283849970947228,-0.002718888373010793,0.001628384997095,1.2490926020379778,0.9531272299413858,-0.0361502588972936,1.2490926020379778,1.0491778732011432,1.0,1.3105203196374875,3.2573623115687065e-07,4.268839497732127e-07,1.0114771861634205e-07,0.0002779415432048,normal,reduction
2024-08-09,2024-08-12,0.5977680604178491,0.5970674641390974,-0.0007005962787517417,-0.001172020261942423,0.000714240467261,1.876479277381658,0.8892377408618559,-0.056420936749577,1.876479277381658,1.124558657430343,1.0,2.1102110168681776,1.4288579155857626e-07,3.015191715008377e-07,1.5863337994226143e-07,0.0005864730868344,normal,reduction
2024-08-23,2024-08-26,0.6015822580420324,0.6000000000415266,-0.0015822580005057096,-0.002630160679364912,0.0048623720127279,1.7770759399286695,0.9991022106255248,-0.0048328677587931,1.7770759399286695,1.0008985961245278,1.0,1.7786728134812813,9.727641897421894e-07,1.730229218222579e-06,7.574650284803896e-07,-0.0006922167625453,normal,reduction
2024-09-09,2024-09-10,0.5996124399838731,0.6000000002250649,0.00038756024119179777,0.0006463512351448569,0.0032721296631537,1.3363441408454584,0.9067754973084476,-0.0326627744102845,1.3363441408454584,1.1028088021437144,1.0,1.4737320812175514,6.547872400463245e-07,9.649809620281662e-07,3.1019372198184173e-07,0.0007484385378326,normal,non_reduction
2024-09-23,2024-09-24,0.6030490854485785,0.5999999999439422,-0.0030490855046363396,-0.005056114963458199,0.0050680926314008,1.2160628113311722,0.9806491583299388,0.0,1.2160628113311722,1.0197326857476898,1.0,1.2400589966366224,1.0140456482514158e-06,1.257476429114384e-06,2.434307808629681e-07,0.0007507570804945,normal,reduction
2024-10-07,2024-10-08,0.5985612011607199,0.6000000001175861,0.0014387989568662718,0.0024037624792187947,0.1889392815083671,0.855215040105051,0.9929948804265184,-0.0103875109131715,1.0,1.0070545374518676,1.0,1.0070545374518676,3.794692060711359e-05,3.821461857971952e-05,2.6769797260592994e-07,0.0006987897125158,normal,non_reduction
2024-10-21,2024-10-22,0.5994986984351207,0.5999999998334475,0.0005013013983268255,0.0008362009786432883,0.0023619898189866,0.7840638377877049,0.8970620575596306,-0.0016424056842447,1.0,1.1147500795211447,1.0,1.114750079521145,4.727380053733435e-07,5.26984729082602e-07,5.424672370925851e-08,-0.0004959705755735,normal,non_reduction
2024-11-04,2024-11-05,0.599541781622954,0.6000000002688127,0.0004582186458587101,0.000764281422753084,0.0011410541446333,0.9572416282041182,0.9710990895947108,-0.0252828572731729,1.0,1.0297610313045922,1.0,1.0297610313045924,2.2835353726510379e-07,2.3514957403616495e-07,6.796036771061161e-09,0.0009110156122016,normal,non_reduction
2024-11-18,2024-11-19,0.6002547497894057,0.600000000427838,-0.0002547493615677743,-0.0004244020753807461,0.0013225320861044,1.3049748901560738,0.8891030983867029,-0.0177199422534684,1.3049748901560738,1.1247289564219516,1.0,1.4677430463620915,2.6459602932141424e-07,3.883589821315259e-07,1.2376295281011163e-07,0.0008837615079349,normal,reduction
2024-12-03,2024-12-04,0.6020864512350355,0.599999999886093,-0.002086451348942475,-0.003465368378017181,0.0031767509191771,1.057998319268011,0.9270648067608984,0.0,1.057998319268011,1.0786732412957538,1.0,1.141234476330285,6.356210463400979e-07,7.253926519644495e-07,8.977160562435157e-08,0.0012352045537196,normal,reduction
2024-12-17,2024-12-18,0.5989123777209555,0.5981760326483081,-0.0007363450726474152,-0.0012294704535067936,0.0008468728606592,0.5725419882613314,1.0015897273597514,-0.0057913050803751,1.0,1.0,1.0,1.0,1.6938967194646234e-07,1.6938967194646234e-07,0.0,-0.0040088748806719,normal,reduction
