session,spy_return,prior_spy_drawdown
2021-01-04,-0.013613815142922814,0.0
2021-01-05,0.006887319500563649,-0.013613815142922814
2021-01-06,0.005978561294449847,-0.006820258336870055
2021-01-07,0.014857399902096224,-0.0008824723749311092
2021-01-08,0.005697674398392971,0.0
2021-01-11,-0.006740694676717007,0.0
2021-01-12,0.00021115998348664178,-0.006740694676717007
2021-01-13,0.002693091437587114,-0.006530958058207026
2021-01-14,-0.003502025931717778,-0.003855455087845683
2021-01-15,-0.007292885651669079,-0.007343979115867261
2021-01-19,0.00785221096768085,-0.014583305967616034
2021-01-20,0.013838574416001004,-0.0068456061949991875
2021-01-21,0.0009117296686773635,0.0
2021-01-22,-0.003539584584358435,0.0
2021-01-25,0.0039440404570278975,-0.003539584584358435
2021-01-26,-0.0015608584361398448,0.0
2021-01-27,-0.024440682951126447,-0.0015608584361398448
2021-01-28,0.008600153241654196,-0.025963392941097063
2021-01-29,-0.020019576876670664,-0.017586528857409633
2021-02-01,0.016645526226032104,-0.037254030867625576
2021-02-02,0.014140217304682734,-0.021228617589425958
2021-02-03,0.0007863247538504314,-0.00738857755053568
2021-02-04,0.011365570902026167,-0.0066080626181089785
2021-02-05,0.003936257842036994,0.0
2021-02-08,0.007221802088698714,0.0
2021-02-09,-0.000665940794294495,0.0
2021-02-10,-0.0004353915129640118,-0.000665940794294495
2021-02-11,0.0016149528416031789,-0.0011010423622884735
2021-02-12,0.004939589618395246,0.0
2021-02-16,-0.0008657343163169795,0.0
2021-02-17,0.00022936600414524833,-0.0008657343163169795
2021-02-18,-0.004256026614125719,-0.0006365668821926018
2021-02-19,-0.0017659492403012678,-0.0048898842507260065
2021-02-22,-0.007691946399662863,-0.0066471982036495625
2021-02-23,0.0012145456031356083,-0.014288014711022035
2021-02-24,0.011019512123367825,-0.013090822553331383
2021-02-25,-0.024095995441123175,-0.0022155649077947315
2021-02-26,-0.005152475441719817,-0.026258174107000154
2021-03-01,0.02424027495376313,-0.031275354951489254
2021-03-02,-0.007803332476614244,-0.007793203201026833
2021-03-03,-0.013245668160967172,-0.015535722722005652
2021-03-04,-0.012374882455979397,-0.02857560985515628
2021-03-05,0.018396509270849792,-0.0405968724980702
2021-03-08,-0.004978619992394129,-0.022947203968498586
2021-03-09,0.01427761434240149,-0.027811578552445537
2021-03-10,0.00622455862181992,-0.013931047202869196
2021-03-11,0.010138970325127783,-0.007793203201026833
2021-03-12,0.0013468615037561804,0.0
2021-03-15,0.005963720692155006,0.0
2021-03-16,-0.0012615241452461623,0.0
2021-03-17,0.0034098682622771825,-0.0012615241452461623
2021-03-18,-0.014549723262488823,0.0
2021-03-19,-0.0018503020238272994,-0.014549723262488823
2021-03-22,0.007984833546503367,-0.01637310390391744
2021-03-23,-0.007870470827947118,-0.008519006866726464
2021-03-24,-0.005083609671454714,-0.016322429099645874
2021-03-25,0.0056255093144372825,-0.021323061912667973
2021-03-26,0.016115035210715778,-0.01581750568163265
2021-03-29,-0.0005049848280629377,0.0
2021-03-30,-0.002653152887406196,-0.0005049848280629377
2021-03-31,0.004053587253750601,-0.0031567979135145308
2021-04-01,0.010798821091065003,0.0
2021-04-05,0.014353166039991594,0.0
2021-04-06,-0.0005905189026256252,0.0
2021-04-07,0.0011572340755179322,-0.0005905189026256252
2021-04-08,0.004746921197037235,0.0
2021-04-09,0.0072699864738832165,0.0
2021-04-12,0.0003648023148146162,0.0
2021-04-13,0.0029633866774847473,0.0
2021-04-14,-0.0034150268179790055,0.0
2021-04-15,0.010742400523846563,-0.0034150268179790055
2021-04-16,0.003342375894967553,0.0
2021-04-19,-0.0049128061708642035,0.0
2021-04-20,-0.007321792511985725,-0.0049128061708642035
2021-04-21,0.009462280431973058,-0.01219862813541528
2021-04-22,-0.009133086847122107,-0.002851774543744745
2021-04-23,0.010842271444396978,-0.011958815886290441
2021-04-26,0.002087638088725141,-0.001246205169886161
2021-04-27,-0.00021539062335962367,0.0
2021-04-28,-0.000287563990066797,-0.00021539062335962367
2021-04-29,0.0063728379683583025,-0.0005028926748393836
2021-04-30,-0.006570539444227919,0.0
2021-05-03,0.0021568442127644083,-0.006570539444227919
2021-05-04,-0.006169510329424255,-0.004427866861438479
2021-05-05,0.00031305722823615767,-0.010570059420523803
2021-05-06,0.007985358372706752,-0.010260311225792074
2021-05-07,0.0072781768792264945,-0.0023568851152389048
2021-05-10,-0.009902235640859791,0.0
2021-05-11,-0.008925010939785927,-0.009902235640859791
2021-05-12,-0.021244996887709755,-0.018738869019222726
2021-05-13,0.012012454011514517,-0.0395857586929399
2021-05-14,0.015355275188620121,-0.028048826787235193
2021-05-17,-0.002544566572288076,-0.013124249052651082
2021-05-18,-0.008615728230690456,-0.015635420099513353
2021-05-19,-0.002621778113561679,-0.02411643779985384
2021-05-20,0.010757987641166977,-0.02667498796461476
2021-05-21,-0.000818632298871691,-0.016203969514299366
2021-05-24,0.010194275800881947,-0.01700933672035665
2021-05-25,-0.0022187513318775443,-0.006988458789192076
2021-05-26,0.001984356312250579,-0.009191704468823336
2021-05-27,0.0005250418309445948,-0.007225587773355691
2021-05-28,0.0017890614891395984,-0.006704339678245241
2021-06-01,-0.0008810493470509106,-0.004927272665034121
2021-06-02,0.0015727167065193726,-0.005803980841720735
2021-06-03,-0.003711464859020408,-0.004240392152835559
2021-06-04,0.00914564308991217,-0.007936118945392145
2021-06-07,-0.0009700523251650051,0.0
2021-06-08,0.00021328736739056886,-0.0009700523251650051
2021-06-09,-0.0014919932804697833,-0.000756971857681088
2021-06-10,0.004648251342814325,-0.0022478357412256678
2021-06-11,0.0016528242634601398,0.0
2021-06-14,0.0022388533900474794,0.0
2021-06-15,-0.0018342963138003876,0.0
2021-06-16,-0.005583249462482565,-0.0018342963138003876
2021-06-17,-0.0003319728695619917,-0.007407304442374807
2021-06-18,-0.013490185726060755,-0.007736818287825353
2021-06-21,0.01431603627526501,-0.021122632898254556
2021-06-22,0.0053462139824906885,-0.007108989001790023
2021-06-23,-0.001205471643681677,-0.0018007811957020392
2021-06-24,0.005915814587514445,-0.003004082048715828
2021-06-25,0.0035521302116641174,0.0
2021-06-28,0.002015884924605693,0.0
2021-06-29,0.0005379325120973277,0.0
2021-06-30,0.0008417848563524455,0.0
2021-07-01,0.005536624083152475,0.0
2021-07-02,0.0076435279410072,0.0
2021-07-06,-0.0018214823523001744,0.0
2021-07-07,0.0035342341507242914,-0.0018214823523001744
2021-07-08,-0.008147937971819785,0.0
2021-07-09,0.010674639527340712,-0.008147937971819785
2021-07-12,0.0035821365320054532,0.0
2021-07-13,-0.003409309878363742,0.0
2021-07-14,0.0014922608413034943,-0.003409309878363742
2021-07-15,-0.003415425450374654,-0.0019221366166876086
2021-07-16,-0.007843820786023414,-0.005330997152742434
2021-07-19,-0.014767687857911604,-0.013133002552488948
2021-07-20,0.014330250941913203,-0.027706746328068244
2021-07-21,0.008096479798325396,-0.013773540013820251
2021-07-22,0.0020939990832775646,-0.005788577403968209
2021-07-23,0.010288082238508967,-0.003706699596467966
2021-07-26,0.0024548705303930607,0.0
2021-07-27,-0.004557561395521548,0.0
2021-07-28,-0.000410160926091363,-0.004557561395521548
2021-07-29,0.0041473759964338885,-0.004965852988010111
2021-07-30,-0.004856294898442859,-0.000839072251060502
2021-08-02,-0.002098005349741805,-0.005691292367211109
2021-08-03,0.008135287110795586,-0.00777735735511953
2021-08-04,-0.0049187575089870705,0.0
2021-08-05,0.006332687912728785,-0.0049187575089870705
2021-08-06,0.0016524375695585736,0.0
2021-08-09,-0.0008135746084829698,0.0
2021-08-10,0.0012440102899780037,-0.0008135746084829698
2021-08-11,0.002484929302334349,0.0
2021-08-12,0.002996858130225988,0.0
2021-08-13,0.0018199518434918183,0.0
2021-08-16,0.002354636417623013,0.0
2021-08-17,-0.006555114259720662,0.0
2021-08-18,-0.010945357837398695,-0.006555114259720662
2021-08-19,0.0015486325629623376,-0.017428724025881692
2021-08-20,0.00795704586830448,-0.015907082152476604
2021-08-23,0.00879628129111154,-0.008076609666490375
2021-08-24,0.0015876937705086025,0.0
2021-08-25,0.002098273374419035,0.0
2021-08-26,-0.0059032740679879625,0.0
2021-08-27,0.008941052034742825,-0.0059032740679879625
2021-08-30,0.004397539808789208,0.0
2021-08-31,-0.0014815774540232196,0.0
2021-09-01,0.0005314163009177975,-0.0014815774540232196
2021-09-02,0.003076679643503333,-0.000950948487515646
2021-09-03,-0.00024268675034355702,0.0
2021-09-07,-0.0035755857972981087,-0.00024268675034355702
2021-09-08,-0.0012182286801278863,-0.003817404800343871
2021-09-09,-0.004280325572758592,-0.005030983008460388
2021-09-10,-0.007884508395830991,-0.009289774335991763
2021-09-13,0.0025593309467408787,-0.017101037428075117
2021-09-14,-0.005396585167915413,-0.014585473695645446
2021-09-15,0.008352662297340885,-0.01990334711254782
2021-09-16,-0.0015852033653670494,-0.011716930752224908
2021-09-17,-0.009741091802510482,-0.013283560399531713
2021-09-20,-0.016674128954393463,-0.022895255820726157
2021-09-21,-0.0009446376627472164,-0.03918762632712092
2021-09-22,0.00975470901224229,-0.040095245882125874
2021-09-23,0.012150054756024264,-0.030731654326238034
2021-09-24,0.0016473311100928534,-0.01895499085302077
2021-09-27,-0.002861017287015599,-0.017338884889051664
2021-09-28,-0.020151810106230794,-0.020150295326662127
2021-09-29,0.0016830357414892028,-0.03989604050788553
2021-09-30,-0.01222213802323524,-0.038280151228515025
2021-10-01,0.011884022246787529,-0.050034423959885
2021-10-04,-0.012896038594041204,-0.03874501192054203
2021-10-05,0.010405227086490054,-0.05114139334552925
2021-10-06,0.004155828149126739,-0.04126830407031912
2021-10-07,0.008645557356916633,-0.03728397990091448
2021-10-08,-0.0018237069406040751,-0.028960763330725392
2021-10-11,-0.007239747925560591,-0.030731654326238034
2021-10-12,-0.0024615732901657195,-0.03774891282114112
2021-10-13,0.0035977811187410946,-0.04011756439577352
2021-10-14,0.01682060354673509,-0.03666411749274545
2021-10-15,0.007615765415283082,-0.02046022653074664
2021-10-18,0.0029606252285487855,-0.013000281401065239
2021-10-19,0.007714799544357387,-0.010078145133610605
2021-10-20,0.003927678753152142,-0.0024410964587380235
2021-10-21,0.002608280419462483,0.0
2021-10-22,-0.0010362100192335966,0.0
2021-10-25,0.005362701540560844,-0.0010362100192335966
2021-10-26,0.000900034308167541,0.0
2021-10-27,-0.004430003286042594,0.0
2021-10-28,0.009648837184228487,-0.004430003286042594
2021-10-29,0.002029033669955993,0.0
2021-11-01,0.0017203443615880776,0.0
2021-11-02,0.004042965811856147,0.0
2021-11-03,0.006105265031711049,0.0
2021-11-04,0.004712648568736766,0.0
2021-11-05,0.0034694970703756933,0.0
2021-11-08,0.0008538596356713057,0.0
2021-11-09,-0.0033053701688950943,0.0
2021-11-10,-0.008044953107525288,-0.0033053701688950943
2021-11-11,0.0003234564630838488,-0.011323731728408615
2021-11-12,0.007546846974499921,-0.011003937999538582
2021-11-15,0.00034236708538859517,-0.0035401360612379307
2021-11-16,0.003957897188071158,-0.0031989810019146248
2021-11-17,-0.002428995426313252,0.0
2021-11-18,0.0033963280430935328,-0.002428995426313252
2021-11-19,-0.0017883088294387006,0.0
2021-11-22,-0.002815273861006551,-0.0017883088294387006
2021-11-23,0.0013260218138333446,-0.004598548111342304
2021-11-24,0.0026699267123899695,-0.003278624072616476
2021-11-26,-0.022303205153066608,-0.0006174510462180205
2021-11-29,0.01226665407884786,-0.02290688506192884
2021-11-30,-0.01945760737824087,-0.010921221818159577
2021-12-01,-0.011107362841999757,-0.030166328350172078
2021-12-02,0.01531645112135438,-0.040938622837575545
2021-12-03,-0.008701425955273567,-0.026249206131888303
2021-12-06,0.011843344886435458,-0.03472222656362067
2021-12-07,0.02068474258430708,-0.023290108981603108
2021-12-08,0.0026481621868692518,-0.0030871163063410645
2021-12-09,-0.006751774827888912,-0.0004471293041407032
2021-12-10,0.009413623986361142,-0.007195885215649067
2021-12-13,-0.008858523480070879,0.0
2021-12-14,-0.00687985417042114,-0.008858523480070879
2021-12-15,0.01562503850946828,-0.01567743230078389
2021-12-16,-0.008818587327345417,-0.00029735427474497644
2021-12-17,-0.01064294960287171,-0.00911331935745141
2021-12-20,-0.010633426864407713,-0.01965927636168685
2021-12-21,0.017759040437537843,-0.03008365774869548
2021-12-22,0.009998864603193436,-0.012858874205625703
2021-12-23,0.006221862195513239,-0.0029885837445637886
2021-12-27,0.014152374106425558,0.0
2021-12-28,-0.0008173206299030289,0.0
2021-12-29,0.0012791777262026738,-0.0008173206299030289
2021-12-30,-0.002764481334762925,0.0
2021-12-31,-0.0025201751606067635,-0.002764481334762925
2022-01-03,0.0057900245829085595,-0.005277689518177975
2022-01-04,-0.00033514178764115776,0.0
2022-01-05,-0.019202014792986888,-0.00033514178764115776
2022-01-06,-0.0009395128389213525,-0.01953072118306398
2022-01-07,-0.00395343071653842,-0.02045188465868053
2022-01-10,-0.0012441657277580953,-0.024324460266198167
2022-01-11,0.009108007559087472,-0.025538362334146858
2022-01-12,0.002703656390543596,-0.016662958372245518
2022-01-13,-0.013778521058144144,-0.014004352895590322
2022-01-14,0.00040890520216718684,-0.027589914682456862
2022-01-18,-0.017709580758721977,-0.027192291139930602
2022-01-19,-0.010383447511131516,-0.04442030782269524
2022-01-20,-0.011068260088457738,-0.05434251939912149
2022-01-21,-0.019630436244531646,-0.06480930234900772
2022-01-24,0.004246654582859222,-0.08316750371572468
2022-01-25,-0.012208842798988595,-0.07927403279366474
2022-01-26,-0.0025090522552209116,-0.09051503138823369
2022-01-27,-0.004937845907487137,-0.09279697669981857
2022-01-28,0.024835270076550175,-0.09727660543568128
2022-01-31,0.018011229015487684,-0.07485722612725632
2022-02-01,0.00675696281972149,-0.0581942677550108
2022-02-02,0.009714028934489027,-0.051830521438830934
2022-02-03,-0.023505158215807453,-0.042619975689288436
2022-02-04,0.004702348181839788,-0.06512334463336533
2022-02-07,-0.0032091148542974235,-0.06072722909275741
2022-02-08,0.00822781345530288,-0.06374146329411301
2022-02-09,0.01463606394163186,-0.05603810270816212
2022-02-10,-0.017965885035959528,-0.042222216020934566
2022-02-11,-0.01971860318588725,-0.05942954157789848
2022-02-14,-0.003269224196496223,-0.07797627721589195
2022-02-15,0.01612681997921528,-0.0809905794801613
2022-02-16,0.0011206913767842774,-0.06616987999623491
2022-02-17,-0.021361324301928164,-0.06512334463336533
2022-02-18,-0.006475044394203988,-0.08509354805095393
2022-02-22,-0.010731610377271994,-0.0910176079438677
2022-02-23,-0.017738504876469108,-0.10077245281521485
2022-02-24,0.01504906045954657,-0.11672340504600742
2022-02-25,0.022063818280479985,-0.10343092216604233
2022-02-28,-0.002558438349137715,-0.0836491849568165
2022-03-01,-0.015230273695893137,-0.08599361202328648
2022-03-02,0.01839610517621293,-0.09991417947196657
2022-03-03,-0.004978393695623806,-0.08335610604991506
2022-03-04,-0.008124591901078504,-0.08791952023268812
2022-03-07,-0.029479352340517573,-0.09532980191173757
2022-03-08,-0.0075814858564976495,-0.12199889343314729
2022-03-09,0.0268107925873724,-0.12865544640457316
2022-03-10,-0.00451568962514981,-0.10529400830598967
2022-03-11,-0.012715041259234394,-0.10933422287024164
2022-03-14,-0.007308314829694629,-0.12065907497463468
2022-03-15,0.02199029700405708,-0.12708557529735498
2022-03-16,0.02217432805130093,-0.10788992783901818
2022-03-17,0.012510952373381734,-0.08810798644105078
2022-03-18,0.010953012812007001,-0.0766993488897475
2022-03-21,-0.00029262106367067275,-0.06658642502880252
2022-03-22,0.011701339368455299,-0.06685956150195516
2022-03-23,-0.012878221051255023,-0.055940568552660386
2022-03-24,0.015074313266190353,-0.06809837459636137
2022-03-25,0.00488352344720111,-0.05405059756175501
2022-03-28,0.007113042972686445,-0.04943103147508188
2022-03-29,0.012370875287718963,-0.042669593553462004
2022-03-30,-0.00617491946276294,-0.03082657848617054
2022-03-31,-0.015391286079609268,-0.03681114630946891
2022-04-01,0.002834219916690861,-0.05163586150531074
2022-04-04,0.008566655533394751,-0.04894798897571373
2022-04-05,-0.012631384148851899,-0.04080065400292632
2022-04-06,-0.009999337397201158,-0.052916669417542916
2022-04-07,0.00503887901601674,-0.06238687518330188
2022-04-08,-0.0026739429850148877,-0.057662356083521105
2022-04-11,-0.017092388541314563,-0.06018211321598699
2022-04-12,-0.0037051110063370807,-0.0762458456949765
2022-04-13,0.011453524192863052,-0.07966845737924155
2022-04-14,-0.012451807456636543,-0.06912741779037967
2022-04-18,0.0004112880237814309,-0.08071846395071591
2022-04-19,0.016142579451231986,-0.08034037446445552
2022-04-20,-0.0007414409095628516,-0.06549469589115775
2022-04-21,-0.014953670749269565,-0.06618757635382755
2022-04-22,-0.027438977467465042,-0.08015149987860981
2022-04-25,0.0057974637722231215,-0.1053912021469221
2022-04-26,-0.02896108124234309,-0.10020474005105673
2022-04-27,0.0028120651061740443,-0.1262637836759133
2022-04-28,0.025259288927362844,-0.12380678054998784
2022-04-29,-0.036955464632448476,-0.1016747628637037
2022-05-02,0.0060195745332338735,-0.13487278939312997
2022-05-03,0.00458411106345924,-0.12966509166815332
2022-05-04,0.030452606020786588,-0.12567537978595456
2022-05-05,-0.03554282123490171,-0.09904991659230222
2022-05-06,-0.005968806891892053,-0.1310722243484319
2022-05-09,-0.032017116645523314,-0.1362586864442974
2022-05-10,0.002310479729411341,-0.1639131928319678
2022-05-11,-0.01588624681226125,-0.16198143121197794
2022-05-12,-0.0010437563078675716,-0.1752944010290024
2022-05-13,0.023907636428647905,-0.17615519270006208
2022-05-16,-0.004057514442192045,-0.15645901057350564
2022-05-17,0.020570414900892064,-0.15988169032068456
2022-05-18,-0.040311524011708344,-0.14260010812474488
2022-05-19,-0.006124809295052658,-0.17716320445371037
2022-05-20,0.0004366095892149868,-0.1822029229073836
2022-05-23,0.018709865108580193,-0.181845864861493
2022-05-24,-0.007633522954629712,-0.1665383113550244
2022-05-25,0.00883477134268773,-0.1729005602871002
2022-05-26,0.019981656440997142,-0.16559332585957165
2022-05-27,0.024548983366210253,-0.14892049836482257
2022-05-31,-0.005610917384172853,-0.12802736183585817
2022-06-01,-0.008088691209807264,-0.13291992826985644
2022-06-02,0.019043400679278566,-0.13993347122425903
2022-06-03,-0.016411372693219684,-0.12355487970594647
2022-06-06,0.0030448482099940666,-0.1379385472202459
2022-06-07,0.009592166257183399,-0.13531370094884465
2022-06-08,-0.01087222115062092,-0.12701948620803738
2022-06-09,-0.023782982940944164,-0.13651072341416626
2022-06-10,-0.028995451560883456,-0.1570470741488954
2022-06-13,-0.037968278539759925,-0.18148887487851606
2022-06-14,-0.0030133449987869154,-0.21256633326502083
2022-06-15,0.014256471175943197,-0.2149391425665531
2022-06-16,-0.033096015140040236,-0.20374694508119195
2022-06-17,0.002155663784698225,-0.23009974824208812
2022-06-21,0.025173560188571198,-0.22844010215154353
2022-06-22,-0.001813042686614308,-0.20901719262396756
2022-06-23,0.009802696107800157,-0.21045127821811838
2022-06-24,0.031793943516437606,-0.2027115720361885
2022-06-27,-0.0038197395987864535,-0.1773626287911978
2022-06-28,-0.020432949158319613,-0.18050488933344555
2022-06-29,-0.0008143805099455337,-0.19724959126518682
2022-06-30,-0.008124391792839414,-0.19790333555241124
2022-07-01,0.010576707306671373,-0.20441988311011305
2022-07-05,0.0018885042594203316,-0.19600526507476135
2022-07-06,0.0033773190339601022,-0.1944869175933035
2022-07-07,0.014977345725625257,-0.1917664429279876
2022-07-08,-0.0008227233603487205,-0.1796612495166683
2022-07-11,-0.011423648010942311,-0.18033616137009012
2022-07-12,-0.008848763637567036,-0.18969971254989604
2022-07-13,-0.005251605532965775,-0.19686986826899466
2022-07-14,-0.002428638561808416,-0.20108759091248474
2022-07-15,0.01910482610257036,-0.20302786039670195
2022-07-18,-0.00825673235258384,-0.1878018462609875
2022-07-19,0.0270190887304107,-0.1945079490336733
2022-07-20,0.006373310471702087,-0.1727442878369735
2022-07-21,0.010183094919505642,-0.16747193034386954
2022-07-22,-0.009278101049666976,-0.1589942179874082
2022-07-25,0.0012149499042490852,-0.1667971546162752
2022-07-26,-0.01183083629705961,-0.16578485489905626
2022-07-27,0.025966094277970697,-0.17565431771727336
2022-07-28,0.012542557895073969,-0.15424928001348193
2022-07-29,0.014578757303764345,-0.14364140264325054
2022-08-01,-0.0029613101020142807,-0.13115675848739428
2022-08-02,-0.006597449584340609,-0.13372967275555236
2022-08-03,0.015659398783171685,-0.13944484756595787
2022-08-04,-0.0006754654727265663,-0.1259690712590802
2022-08-05,-0.001689960936942958,-0.12655944897353977
2022-08-08,-0.0011610975873055374,-0.12803552938551643
2022-08-09,-0.003970841836130612,-0.1290479652285631
2022-08-10,0.02100393810599477,-0.13250637800549658
2022-08-11,0.0,-0.11428559566177876
2022-08-12,0.01692892401637347,-0.11428559566177876
2022-08-15,0.004120687610982721,-0.09929140381052948
2022-08-16,0.001958910000164016,-0.0955798650571058
2022-08-17,-0.0070980751736213765,-0.09380818741041641
2022-08-18,0.0029063821340671314,-0.10024040501789744
2022-08-19,-0.013438051390905148,-0.097625359806086
2022-08-22,-0.02082250874402536,-0.10975151659486138
2022-08-23,-0.002419141882753606,-0.12828872342492026
2022-08-24,0.003201280230323844,-0.13039751668375155
2022-08-25,0.014117502585557551,-0.12761367544567082
2022-08-26,-0.03384911612679231,-0.1152977592531701
2022-08-29,-0.006612269794048831,-0.14524414813784292
2022-08-30,-0.010977788796901478,-0.15089602443839756
2022-08-31,-0.007609133488892028,-0.1602173085487223
2022-09-01,0.0031378308173355407,-0.1666073271496361
2022-09-02,-0.010544443736140718,-0.16399228193782467
2022-09-06,-0.0037731980257956765,-0.17280751828391072
2022-09-07,0.017965071880275296,-0.17592867932287481
2022-09-08,0.006536223998592883,-0.1611241788124369
2022-09-09,0.015535366587495103,-0.15564109853815156
2022-09-12,0.010747490334005905,-0.14252367347252703
2022-09-13,-0.043482368425805995,-0.13330795494153413
2022-09-14,0.003815845961892217,-0.1709937777564816
2022-09-15,-0.011353394060561683,-0.1678304177109503
2022-09-16,-0.007628934755300909,-0.17727836690389087
2022-09-19,0.007755025072844202,-0.18355485656455572
2022-09-20,-0.011478538273609895,-0.1772233040066119
2022-09-21,-0.01744393067114991,-0.18666757780220633
2022-09-22,-0.008399776344371723,-0.200855292187623
2022-09-23,-0.016754875461675756,-0.2075679290000353
2022-09-26,-0.009892492467833747,-0.22084502966147757
2022-09-27,-0.002552688404470538,-0.22855281433682662
2022-09-28,0.019676274825322304,-0.23052207862233043
2022-09-29,-0.020888995683493228,-0.2153816195692856
2022-09-30,-0.015463582774395523,-0.23177150953129222
2022-10-03,0.026401356958746458,-0.24365107438330402
2022-10-04,0.030986555884060518,-0.22368243641273322
2022-10-05,-0.002328367707937984,-0.19962702884485872
2022-10-06,-0.010315607890977185,-0.20149059142520276
2022-10-07,-0.027893940086861413,-0.20972770138131647
2022-10-10,-0.007635220409965893,-0.23177150953129222
2022-10-11,-0.006333176678639529,-0.23763710338123623
2022-10-12,-0.003298406753903582,-0.2424652822987623
2022-10-13,0.026391103457178433,-0.24496393992794452
2022-10-14,-0.02278857225163955,-0.2250377051526825
2022-10-17,0.025696670111895026,-0.24269798940110698
2022-10-18,0.011749836625274845,-0.2232378494596724
2022-10-19,-0.00708664472410192,-0.21411102109412627
2022-10-20,-0.008385317621544153,-0.2196803370802194
2022-10-21,0.024301698361276936,-0.2262235653001381
2022-10-24,0.01223625401916828,-0.20741948378499775
2022-10-25,0.015968612349330558,-0.19772126725794736
2022-10-26,-0.007534108279728224,-0.1849099891786773
2022-10-27,-0.005340036059630959,-0.19105096557793
2022-10-28,0.02379087189859108,-0.19537078259214746
2022-10-31,-0.007223357790159035,-0.17622795195493368
2022-11-01,-0.004375868449138731,-0.18217835219549516
2022-11-02,-0.025096268999998617,-0.18575703214114558
2022-11-03,-0.010296956219330022,-0.2061914926938886
2022-11-04,0.014393249732386648,-0.2143653041401513
2022-11-07,0.00956545058421332,-0.20305746776421296
2022-11-08,0.005395523238437283,-0.19543435335365378
2022-11-09,-0.02060213429192226,-0.19109330071032504
2022-11-10,0.05495427300080813,-0.2077585051587264
2022-11-11,0.00967848853780695,-0.16422144976865072
2022-11-14,-0.00850677916983611,-0.15613237665009172
2022-11-15,0.008529166931386278,-0.16331097217050383
2022-11-16,-0.0076288996569935374,-0.15617471178248676
2022-11-17,-0.003059705714246741,-0.16261217023433172
2022-11-18,0.00454045901104716,-0.1651743305621064
2022-11-21,-0.003636336779455851,-0.1613838388286536
2022-11-22,0.013457053773231475,-0.16443332961936696
2022-11-23,0.0063018467654176735,-0.15318906400493482
2022-11-25,-0.0002238818606651316,-0.147852591247014
2022-11-28,-0.01595701208729461,-0.14804337159444658
2022-11-29,-0.0017174812721068022,-0.16163805381176477
2022-11-30,0.03150044879350311,-0.16307792475359018
2022-12-01,-0.0007356720941307238,-0.13671450377813832
2022-12-02,-0.0011536723619409717,-0.1373495988269765
2022-12-05,-0.017989386309472,-0.13834481475282712
2022-12-06,-0.014414878055706182,-0.15384546274579813
2022-12-07,-0.0017010070072477346,-0.16604267721659993
2022-12-08,0.007833697136176765,-0.16746124446639998
2022-12-09,-0.007470074963571882,-0.16093938800142038
2022-12-12,0.01441723647785409,-0.16720723367203028
2022-12-13,0.007569668666768337,-0.15520066342283356
2022-12-14,-0.006393335802016842,-0.14880581235503876
2022-12-15,-0.024461863783430182,-0.15424778262937788
2022-12-16,-0.01180581999512953,-0.17493645816523207
2022-12-19,-0.008479783847697764,-0.18467700982467739
2022-12-20,0.0013683991977357923,-0.19159077254742274
2022-12-21,0.014952451458279947,-0.19048454600913445
2022-12-22,-0.014266360512394605,-0.1783803054786085
2022-12-23,0.005752543561959866,-0.1901018282447342
2022-12-27,-0.003943528372890803,-0.18544285373096048
2022-12-28,-0.01242798758509911,-0.18865508294861344
2022-12-29,0.01800020488659637,-0.19873846750496127
2022-12-30,-0.002633869010472134,-0.1843155957523025
2023-01-03,-0.004209925350795007,-0.18646400162697585
2023-01-04,0.007720300786749901,-0.18988892745031083
2023-01-05,-0.01141344421288959,-0.18363462629955074
2023-01-06,0.022932131718811366,-0.1929521669496156
2023-01-09,-0.0005669744201950433,-0.17444483973872282
2023-01-10,0.007012792332354634,-0.17491290839705098
2023-01-11,0.012647789092380846,-0.16912674396753302
2023-01-12,0.003640723980363081,-0.1586180342627347
2023-01-13,0.003879716926954657,-0.15555479476343004
2023-01-17,-0.0018318794556517748,-0.15227858640678793
2023-01-18,-0.01578793438175463,-0.1538315098484654
2023-01-19,-0.007279904974503704,-0.16719076244688624
2023-01-20,0.018628942376418767,-0.17325353455816173
2023-01-23,0.01199862928228046,-0.15785212229353773
2023-01-24,-0.0010731906778240763,-0.14774750210807863
2023-01-25,0.00037455722698798155,-0.14866213154396857
2023-01-26,0.010990517140585965,-0.14834325679272986
2023-01-27,0.002297572335980158,-0.13898310875861486
2023-01-30,-0.012546597332013354,-0.137004860168487
2023-01-31,0.014703172633926842,-0.14783251268743758
2023-02-01,0.01062783155319913,-0.13530294700846135
2023-02-02,0.014556911892838587,-0.12611309238471968
2023-02-03,-0.010629034289933892,-0.11339199766625885
2023-02-06,-0.006111340267619503,-0.12281578452479391
2023-02-07,0.013078689011437161,-0.12817655574294773
2023-02-08,-0.010934906872427819,-0.1167742480426297
2023-02-09,-0.008669147958933143,-0.1264322393876136
2023-02-10,0.002333723479271743,-0.13400532755651617
2023-02-13,0.011738915687959706,-0.13198433545651056
2023-02-14,-0.0004602085819057633,-0.12179477275460615
2023-02-15,0.0032475228362891517,-0.12219893033685902
2023-02-16,-0.013768984580474486,-0.1193482513174089
2023-02-17,-0.0024981513460615723,-0.13147393166578736
2023-02-21,-0.020060951744074185,-0.13364364123248607
2023-02-22,-0.0013780517223560551,-0.15102357433889302
2023-02-23,0.005319271066065001,-0.152193507764515
2023-02-24,-0.010682232491401877,-0.1476837952207447
2023-02-27,0.0034058434503418944,-0.15678843507638596
2023-02-28,-0.003695950623695543,-0.15391658849073842
2023-03-01,-0.0038359435696107003,-0.1570436710032045
2023-03-02,0.007777295956619801,-0.16027720391288236
2023-03-03,0.016037605797672994,-0.15374643120619247
2023-03-06,0.0006929577946430676,-0.14017455006500346
2023-03-07,-0.015328806781569004,-0.1395787273174386
2023-03-08,0.0016323395227646476,-0.15276795875714122
2023-03-09,-0.018450129157641326,-0.15138498841126802
2023-03-10,-0.014429412376586792,-0.16704204498019337
2023-03-13,-0.0014251992978302486,-0.17906113880553265
2023-03-14,0.016530168965669167,-0.1802311402940685
2023-03-15,-0.0062544028913595895,-0.16668022253033543
2023-03-16,0.017545204984054985,-0.17189214015596888
2023-03-17,-0.01169263769632145,-0.1573628180060983
2023-03-20,0.009615454556822334,-0.1672154692846023
2023-03-21,0.013130566338445782,-0.1592078674738837
2023-03-22,-0.01704648645884499,-0.14816779060090635
2023-03-23,0.0027033767294515343,-0.16268853682363593
2023-03-24,0.0065620728967703545,-0.16042496849878196
2023-03-27,0.0018699727066779914,-0.15491561593976266
2023-03-28,-0.0022448756141955073,-0.15333533120673026
2023-03-29,0.014535048374827886,-0.1552359880751053
2023-03-30,0.005855104372891828,-0.14295730229646308
2023-03-31,0.014094662048820927,-0.13793922784938417
2023-04-03,0.0038106800878594527,-0.12578877260037558
2023-04-04,-0.005548312668418598,-0.12245743328354075
2023-04-05,-0.00261824328276683,-0.12732631382353032
2023-04-06,0.003900765123314054,-0.1296111858404092
2023-04-10,0.0010264150167391684,-0.12621600351041284
2023-04-11,0.0002687715196187934,-0.12531913849502962
2023-04-12,-0.004075998804466852,-0.12508404919070149
2023-04-13,0.013282796923604012,-0.12865020556020912
2023-04-14,-0.002442844763609675,-0.11707624319124132
2023-04-17,0.0035881971011588742,-0.11923308886722828
2023-04-18,0.0006522719213917227,-0.11607272358990484
2023-04-19,-0.0001689061025199612,-0.11549616264695028
2023-04-20,-0.0054571659879393275,-0.11564556074278143
2023-04-21,0.0007770297590556918,-0.12047162970997916
2023-04-24,0.0010429678311543178,-0.11978820999233009
2023-04-25,-0.015873702495648234,-0.11887017741074934
2023-04-26,-0.004235687717635939,-0.13285697007457453
2023-04-27,0.01990800822805494,-0.13652991715586316
2023-04-28,0.008535184411177621,-0.1193399476419229
2023-05-01,-0.0010097822511898613,-0.11182335169148927
2023-05-02,-0.011239113080060092,-0.1127202167068726
2023-05-03,-0.006864031126974979,-0.12269245452495525
2023-05-04,-0.007082940238092084,-0.12871432082502599
2023-05-05,0.01851247365271136,-0.13488558522092775
2023-05-08,0.00026672714438835676,-0.11887017741074934
2023-05-09,-0.004385190296871677,-0.11863515616933484
2023-05-10,0.0046722578321225505,-0.12250010873050488
2023-05-11,-0.0017440353643123352,-0.1184002029908342
2023-05-12,-0.0013102730838957521,-0.11993774421398873
2023-05-15,0.0034500390956935245,-0.12109086609989772
2023-05-16,-0.006682725025000669,-0.11805859522638018
2023-05-17,0.012139013273488874,-0.12395236712264512
2023-05-18,0.009633243440665185,-0.11331801327893831
2023-05-19,-0.0014551181322666196,-0.1047763898464017
2023-05-22,0.0004062055415268162,-0.10607904595396944
2023-05-23,-0.011222931894774968,-0.10571593030874904
2023-05-24,-0.007244746440802086,-0.11575241951747617
2023-05-25,0.008659740259740367,-0.12215856902896483
2023-05-26,0.01295076887575397,-0.11455669024751691
2023-05-30,0.0003809475242508853,-0.10308951859032989
2023-05-31,-0.005545227194939328,-0.10274784276296223
2023-06-01,0.009501062085327305,-0.10772330982599099
2023-06-02,0.014461307729658701,-0.09924573359535738
2023-06-05,-0.0019164241249410852,-0.08621964896007694
2023-06-06,0.002177495836503729,-0.08797083966970698
2023-06-07,-0.003457821870829436,-0.08598489997031777
2023-06-08,0.006048627992042421,-0.08914540137346871
2023-06-09,0.0017941862749504267,-0.08363598075153567
2023-06-12,0.00907186067600696,-0.08199185300534173
2023-06-13,0.006593093798169969,-0.07366381099636687
2023-06-14,0.0011906803133578947,-0.06755638961362653
2023-06-15,0.012397744743144923,-0.06644614736342314
2023-06-16,-0.0034060701460186804,-0.05487218499445523
2023-06-20,-0.0051883856353379665,-0.058091356629317414
2023-06-21,-0.005123558935491546,-0.06297834190438267
2023-06-22,0.0036095466148653443,-0.06777922759346755
2023-06-23,-0.007559929709924362,-0.06441433326012036
2023-06-26,-0.004085698135981364,-0.07148729513828644
2023-06-27,0.010963150952728595,-0.07528091776577495
2023-06-28,0.0005043250955139023,-0.06514308287837245
2023-06-29,0.003941533017297605,-0.06467161107435337
2023-06-30,0.011800717294806917,-0.06098498334738722
2023-07-03,0.0011504334882670442,-0.049903932600291245
2023-07-05,-0.0014871402049851934,-0.04881091026728379
2023-07-06,-0.007830598059588967,-0.050225461805168514
2023-07-07,-0.0025247938059779207,-0.057662764461004046
2023-07-10,0.0025311845249884612,-0.06004197167643521
2023-07-11,0.006368538856118766,-0.057662764461004046
2023-07-12,0.008045853433911843,-0.05166145316090642
2023-07-13,0.007936850929299188,-0.044031260207310075
2023-07-14,-0.0006226669854759725,-0.03644387882650557
2023-07-17,0.0034721441783767126,-0.03704385341181349
2023-07-18,0.007430573761473713,-0.03370033083340518
2023-07-19,0.002223714253732245,-0.026520169865975274
2023-07-20,-0.006634575217803973,-0.024355428891985498
2023-07-21,0.0,-0.030828416184843666
2023-07-24,0.004467409289568014,-0.030828416184843666
2023-07-25,0.0027301338002576614,-0.026498730048122532
2023-07-26,0.000153674404516968,-0.023840941326433218
2023-07-27,-0.0066300595745393265,-0.023690930664377774
2023-07-28,0.00979043466006857,-0.03016391795723594
2023-07-31,0.0019040050895788863,-0.020668801165019235
2023-08-01,-0.002861678884446106,-0.018804149578054208
2023-08-02,-0.013910841913940875,-0.021612017024712715
2023-08-03,-0.002865861754322574,-0.035222217586381444
2023-08-04,-0.004522585725048933,-0.03798713733442083
2023-08-07,0.008728417580130765,-0.04233792297442551
2023-08-08,-0.004348674940335195,-0.033979048465490935
2023-08-09,-0.006685283445913015,-0.038179959569267785
2023-08-10,0.0003589832659227632,-0.04460999916350683
2023-08-11,-0.00058311176439374,-0.0442670301407766
2023-08-14,0.005519991603079921,-0.0448243292791205
2023-08-15,-0.011648775301121073,-0.03955176759727497
2023-08-16,-0.007338024730395243,-0.050739813244893295
2023-08-17,-0.0076200138640263315,-0.05770550797088192
2023-08-18,0.00048125885437677596,-0.06488580506413943
2023-08-21,0.006506236913975227,-0.0644357730779731
2023-08-22,-0.0027084183230199343,-0.05834877056937826
2023-08-23,0.011137636771653803,-0.060899156013062394
2023-08-24,-0.013859009965656699,-0.050439791920782406
2023-08-25,0.007049859414939519,-0.06359975630754333
2023-08-28,0.006341243292784071,-0.05699826623339643
2023-08-29,0.014454792902183877,-0.0510184628140653
2023-08-30,0.004118776181133654,-0.03730113122604639
2023-08-31,-0.0014633331988500586,-0.033335990055736064
2023-09-01,0.0018652175151625539,-0.03475054159362101
2023-09-05,-0.004322088915565181,-0.03295014139730035
2023-09-06,-0.006722383990631964,-0.037129816871965926
2023-09-07,-0.00307024070524875,-0.043602599976082734
2023-09-08,0.0015061542881924517,-0.046538970204030194
2023-09-11,0.0065766552261130595,-0.04510291078537865
2023-09-12,-0.005485667217962065,-0.03882288185319527
2023-09-13,0.0011659431529551512,-0.04409557966086841
2023-09-14,0.008622411855826906,-0.042981049447094355
2023-09-15,-0.012048339741322023,-0.03472923790159588
2023-09-18,0.0005864607851722159,-0.04635914798572227
2023-09-19,-0.002073700242464338,-0.045799875022877634
2023-09-20,-0.009193433284404251,-0.047778600053402176
2023-09-21,-0.016528356240468,-0.0565327839657932
2023-09-22,-0.0022484368698457713,-0.07212674621360915
2023-09-25,0.004205212054465557,-0.07421301064796626
2023-09-26,-0.01469134671764194,-0.07031988004047562
2023-09-27,0.0003991541973082935,-0.08397813301930002
2023-09-28,0.005797458821152901,-0.08361249904626855
2023-09-29,-0.0024269883825634997,-0.07829978024527018
2023-10-02,-0.0003976602299796683,-0.08053673597082112
2023-10-03,-0.013386086485666637,-0.08090236994385291
2023-10-04,0.00728190519066918,-0.09320549030855574
2023-10-05,-0.0003767538409181759,-0.08660229866156322
2023-10-06,0.011872889791437746,-0.0869464247538283
2023-10-09,0.006402182977607307,-0.07610584028125233
2023-10-10,0.005204807487344976,-0.07019090081879009
2023-10-11,0.004096306420702467,-0.06535142345757017
2023-10-12,-0.006096366084538896,-0.06152281649237901
2023-10-13,-0.0049809844619056465,-0.06724411696502841
2023-10-16,0.010521589157218125,-0.07189015952517663
2023-10-17,-4.615541704577897e-05,-0.06212496909092924
2023-10-18,-0.013324943691057967,-0.062168257104117663
2023-10-19,-0.008786350451318037,-0.07466481226989208
2023-10-20,-0.012287991864551095,-0.0827951315142249
2023-10-23,-0.001733326080776254,-0.09406573747630476
2023-10-24,0.007539374240292052,-0.09563601696100588
2023-10-25,-0.014352126641306584,-0.08881767844343369
2023-10-26,-0.011974566238660445,-0.1018950825157332
2023-10-27,-0.004532871680367312,-0.11264949933941526
2023-10-30,0.011955897443958419,-0.11667174529441937
2023-10-31,0.006280229027343376,-0.1061107632718088
2023-11-01,0.010664692054387581,-0.10049693414007854
2023-11-02,0.019164387972748553,-0.090904010940705
2023-11-03,0.009123262630104767,-0.073481742701903
2023-11-06,0.0023005247339531465,-0.06502887330898544
2023-11-07,0.0028460682771676016,-0.06287794910650069
2023-11-08,0.0007324922829035074,-0.060210835765618365
2023-11-09,-0.007798799342990992,-0.05952244745526036
2023-11-10,0.015604807175139124,-0.06685704317414409
2023-11-13,-0.0009531779348788127,-0.052295527266037256
2023-11-14,0.019400638761193134,-0.05319885825823323
2023-11-15,0.0021171954378080837,-0.034830311328616026
2023-11-16,0.0012229624768878011,-0.03278685846705032
2023-11-17,0.0012439596023434696,-0.031603993087802706
2023-11-20,0.007697435842358269,-0.030399347576133273
2023-11-21,-0.0021792635866816346,-0.022935908761391732
2023-11-22,0.003860716792990493,-0.02506518895728227
2023-11-24,0.0006154669986246919,-0.021301241760218526
2023-11-27,-0.0018011318322164183,-0.020698884972926934
2023-11-28,0.0009903733813481086,-0.022462735384527255
2023-11-29,-0.0007035795400321954,-0.021494608498376255
2023-11-30,0.003937529378508886,-0.022183064871648006
2023-12-01,0.005915785391005901,-0.018332881962776493
2023-12-04,-0.005249354505640236,-0.0125255499670609
2023-12-05,-0.00019706070516001262,-0.01770915342054602
2023-12-06,-0.004029798623726877,-0.01790272434744511
2023-12-07,0.0076304474741339945,-0.021860378597235774
2023-12-08,0.0042990123175787875,-0.014396735593752652
2023-12-11,0.0038896320097454584,-0.01015961501982432
2023-12-12,0.004567115181606685,-0.006309500173866667
2023-12-13,0.013790285816444037,-0.0017712012062924831
2023-12-14,0.0032093312864134305,0.0
2023-12-15,-0.0016464609436321886,0.0
2023-12-18,0.005625021278664599,-0.0016464609436321886
2023-12-19,0.006080888558689157,0.0
2023-12-20,-0.013857292868214244,0.0
2023-12-21,0.009482002831388892,-0.013857292868214244
2023-12-22,0.0020095866236111704,-0.004506684927037208
2023-12-26,0.004222707041198648,-0.0025061548771722064
2023-12-27,0.0018078863201611561,0.0
2023-12-28,0.00037785653555233445,0.0
2023-12-29,-0.002895100682251739,0.0
2024-01-02,-0.005596290375593949,-0.002895100682251739
2024-01-03,-0.008166622980206983,-0.008475189233761227
2024-01-04,-0.0032212079913174207,-0.016572598538810213
2024-01-05,0.0013697650781061554,-0.019740422743277475
2024-01-08,0.014275939303044272,-0.018397697406872027
2024-01-09,-0.0015171101886439775,-0.004384402515324126
2024-01-10,0.005655342790561901,-0.005894861082241021
2024-01-11,-0.00044057696668642343,-0.0002728557518019148
2024-01-12,0.0006927821704560966,-0.0007133125045288846
2024-01-16,-0.003671299427632335,-2.1024504257893817e-05
2024-01-17,-0.0055585631296135585,-0.00369224674463986
2024-01-18,0.008892738214384188,-0.009230286287633227
2024-01-19,0.01246608458137155,-0.0004196305928486632
2024-01-22,0.0021144113011450916,0.0
2024-01-23,0.0029164846770144415,0.0
2024-01-24,0.0010931176036461654,0.0
2024-01-25,0.005439037273261116,0.0
2024-01-26,-0.0012705179708160097,0.0
2024-01-29,0.00791931691939185,-0.0012705179708160097
2024-01-30,-0.0007734241803089015,0.0
2024-01-31,-0.01631739763971829,-0.0007734241803089015
2024-02-01,0.013088309506858575,-0.017078201550132954
2024-02-02,0.010527345896630624,-0.0042134168309829745
2024-02-05,-0.0036411212279222616,0.0
2024-02-06,0.002903296810174094,-0.0036411212279222616
2024-02-07,0.008340535366822666,-0.0007483956733945751
2024-02-08,0.0004415819199317106,0.0
2024-02-09,0.005779330147934525,0.0
2024-02-12,-0.00043885074804905777,0.0
2024-02-13,-0.013773218061840065,-0.00043885074804905777
2024-02-14,0.009087717382374016,-0.01420602442283958
2024-02-15,0.006899796528982094,-0.005247407375547408
2024-02-16,-0.004979972192162729,0.0
2024-02-20,-0.005505297748875537,-0.004979972192162729
2024-02-21,0.000905657801307802,-0.010457853711339227
2024-02-22,0.020695538288162618,-0.009561667146830155
2024-02-23,0.0006896317025153476,0.0
2024-02-26,-0.0036624274081829,0.0
2024-02-27,0.001857689811208374,-0.0036624274081829
2024-02-28,-0.001321627642447032,-0.0018115412510550932
2024-02-29,0.003594930455181,-0.0031307747105092654
2024-03-01,0.00938825835618573,0.0
2024-03-04,-0.0010724808912874195,0.0
2024-03-05,-0.009994156295203172,-0.0010724808912874195
2024-03-06,0.005067284472786815,-0.011055918644839346
2024-03-07,0.009926432787449091,-0.0060446576569340715
2024-03-08,-0.0060021153687100925,0.0
2024-03-11,-0.0008599654929839495,-0.0060021153687100925
2024-03-12,0.010757372292649725,-0.006856919249591975
2024-03-13,-0.0015674580534820182,0.0
2024-03-14,-0.0019767832569518307,-0.0015674580534820182
2024-03-15,-0.0068665607780658,-0.003541142785597806
2024-03-18,0.005943123154694696,-0.01038338809150241
2024-03-19,0.005557043192334188,-0.004501974690998445
2024-03-20,0.009249464744998104,0.0
2024-03-21,0.0033046075624589832,0.0
2024-03-22,-0.0018956476274623046,0.0
2024-03-25,-0.002763063048617509,-0.0018956476274623046
2024-03-26,-0.001846783129498264,-0.004653472882167109
2024-03-27,0.008403718592033815,-0.006491662056453129
2024-03-28,-0.00019115305468353494,0.0
2024-04-01,-0.001739747284948523,-0.00019115305468353494
2024-04-02,-0.006358159915342498,-0.0019305677816241484
2024-04-03,0.0010985988534895075,-0.00827645283828371
2024-04-04,-0.012206156048329309,-0.007186946486393175
2024-04-05,0.010447080188606073,-0.01930537754439865
2024-04-08,0.0005592484931713493,-0.009059982183070137
2024-04-09,0.001156757476388659,-0.008505800471282798
2024-04-10,-0.010013103603530249,-0.007358882143181922
2024-04-11,0.007546780542638354,-0.017298300497406438
2024-04-12,-0.01380303518657644,-0.009882066432382652
2024-04-15,-0.012528156694058823,-0.023548699108276838
2024-04-16,-0.0018237698460005225,-0.03578183400996593
2024-04-17,-0.005918208324327434,-0.037540346026064375
2024-04-18,-0.0020577312143444937,-0.043236382762042225
2024-04-19,-0.008728497882329878,-0.04520514512198193
2024-04-22,0.009209351127165144,-0.053539069990844235
2024-04-23,0.011866490523104067,-0.0448227789582466
2024-04-24,-0.000474588365427131,-0.03348817751686972
2024-04-25,-0.003798820475225284,-0.0339468727828679
2024-04-26,0.009473766318049082,-0.037616735182695704
2024-04-29,0.003541443574987424,-0.028499341023415448
2024-04-30,-0.015841142360909832,-0.02505882625658673
2024-05-01,-0.003247139553583356,-0.040503008183368716
2024-05-02,0.00935344285452433,-0.043618628817040705
2024-05-03,0.01239519317117499,-0.034673170314549306
2024-05-06,0.01032693850317501,-0.02270775778728007
2024-05-07,0.0011034872520552241,-0.012615320902319427
2024-05-08,9.65998317339345e-05,-0.011525754496060525
2024-05-09,0.005761714514199046,-0.011430268050271364
2024-05-10,0.0012882871929129625,-0.0057344114773988375
2024-05-13,0.00013415839135411112,-0.004453511853351189
2024-05-14,0.004588156416386324,-0.004319950937983319
2024-05-15,0.012383137702772773,0.0
2024-05-16,-0.00205753019043331,0.0
2024-05-17,0.001437547504734793,-0.00205753019043331
2024-05-20,0.0011521850332256722,-0.0006229404830896401
2024-05-21,0.002452391920846342,0.0
2024-05-22,-0.0028794512853109744,0.0
2024-05-23,-0.0073039179408940225,-0.0028794512853109744
2024-05-24,0.006616336473086459,-0.010162337950302303
2024-05-28,0.0006987063547383432,-0.0036132389244482033
2024-05-29,-0.007002229033223117,-0.002917057162707515
2024-05-30,-0.006633984753987909,-0.00989886029357434
2024-05-31,0.00910828722778323,-0.01646717615929283
2024-06-03,0.0008153583340810844,-0.0075088767017990055
2024-06-04,0.0011178083574776565,-0.006699640792916406
2024-06-05,0.011885081701314748,-0.005589321349909082
2024-06-06,-1.856900872398981e-05,0.0
2024-06-07,-0.0012157050190024776,-1.856900872398981e-05
2024-06-10,0.0030896771224453445,-0.00123425145328937
2024-06-11,0.002408219266786471,0.0
2024-06-12,0.008213142408764806,0.0
2024-06-13,0.002013518559552452,0.0
2024-06-14,0.0006082746199471689,0.0
2024-06-17,0.007958911142973424,0.0
2024-06-18,0.002540712444667026,0.0
2024-06-20,-0.002716430584320695,0.0
2024-06-21,-0.001340720179602073,-0.002716430584320695
2024-06-24,-0.0032506448605784666,-0.004053508790621829
2024-06-25,0.0038508530722058953,-0.007290977133682874
2024-06-26,0.0012481518282372317,-0.00346820054317154
2024-06-27,0.0015764724631710525,-0.002224377555782975
2024-06-28,-0.003935207051480205,-0.000651411762576326
2024-07-01,0.0020580704570902775,-0.004584055373894946
2024-07-02,0.006729719960815839,-0.002535419225743407
2024-07-03,0.004462649779879424,0.0
2024-07-05,0.005766606181152989,0.0
2024-07-08,0.00115391352062999,0.0
2024-07-09,0.0009724430112412197,0.0
2024-07-10,0.009895173746174546,0.0
2024-07-11,-0.008622664527645374,0.0
2024-07-12,0.006307532356788936,-0.008622664527645374
2024-07-15,0.0027502948382283066,-0.0023695199063663575
2024-07-16,0.005930005125439397,0.0
2024-07-17,-0.014021126941729745,0.0
2024-07-18,-0.007684831488600441,-0.014021126941729745
2024-07-19,-0.006640584713270448,-0.021598208432502597
2024-07-22,0.010309899385924082,-0.02809536841302218
2024-07-23,-0.0015684495127292752,-0.018075129448646754
2024-07-24,-0.022662481636012033,-0.01961522903339985
2024-07-25,-0.0052105164850400065,-0.04183318090165633
2024-07-26,0.011199909911188577,-0.04682572490798653
2024-07-29,0.000587535819321916,-0.03615025889729362
2024-07-30,-0.005066374868738621,-0.03558396264995156
2024-07-31,0.01625441638944025,-0.04047005582459029
2024-08-01,-0.014160671908689748,-0.02487345657382678
2024-08-02,-0.01861834808732543,-0.038681903624739555
2024-08-05,-0.029123841751199864,-0.056580058565699254
2024-08-06,0.009219560351344747,-0.0840560716449581
2024-08-07,-0.006684028350486204,-0.075611471319041
2024-08-08,0.02311746386407476,-0.08179011045160878
2024-08-09,0.004409547038788153,-0.06056342651033775
2024-08-12,0.0005252995794078341,-0.056420936749577044
2024-08-13,0.016445694687511114,-0.05592527506451361
2024-08-14,0.003154640840673739,-0.04039931037602873
2024-08-15,0.017140338733613092,-0.037372114849802296
2024-08-16,0.0022421250425819217,-0.020872346823906374
2024-08-19,0.00956133089350808,-0.01867702019283568
2024-08-20,-0.0016260690385396792,-0.009294266469496049
2024-08-21,0.0034365848414028566,-0.01090522238909375
2024-08-22,-0.007848450978911292,-0.007506114269645314
2024-08-23,0.010625307140247786,-0.015295653878669158
2024-08-26,-0.0023839332592284768,-0.004832867758793102
2024-08-27,0.0013731297473582593,-0.0072052797838338956
2024-08-28,-0.00580521267877987,-0.005842043820484921
2024-08-29,8.952696107789038e-05,-0.01161334219240806
2024-08-30,0.009545995350848102,-0.011524854938564588
2024-09-03,-0.020579015735476047,-0.0020888757993792195
2024-09-04,-0.0020468082735936033,-0.02262490452691035
2024-09-05,-0.0024324222928843175,-0.02462540395872903
2024-09-06,-0.016829835161566553,-0.026997926870052757
2024-09-09,0.011196235674205912,-0.04337339137269236
2024-09-10,0.0043556124835748555,-0.032662774410284534
2024-09-11,0.01025898674273118,-0.028449428314679337
2024-09-12,0.008423251468383519,-0.018482303879866713
2024-09-13,0.005222756695539621,-0.010214733504778306
2024-09-16,0.0014769165477510615,-0.005045325877043982
2024-09-17,0.00040841308702432855,-0.0035758608545695125
2024-09-18,-0.002965737340747787,-0.003168908195915643
2024-09-19,0.01706447020191537,-0.006125247387297361
2024-09-20,-0.0017287267010225316,0.0
2024-09-23,0.0024989563415040994,-0.0017287267010225316
2024-09-24,0.0028613582902003998,0.0
2024-09-25,-0.002205585632772178,0.0
2024-09-26,0.0039646768793273335,-0.002205585632772178
2024-09-27,-0.001450290876500726,0.0
2024-09-30,0.004007095461138421,-0.001450290876500726
2024-10-01,-0.008958323493068132,0.0
2024-10-02,0.0004220236379359754,-0.008958323493068132
2024-10-03,-0.0018281074093783323,-0.008540080479402468
2024-10-04,0.009087226065216614,-0.010352575704379752
2024-10-07,-0.00904037479728248,-0.001359425834946082
2024-10-08,0.009457502056803513,-0.010387510913171583
2024-10-09,0.006926470123619355,-0.001028248762194428
2024-10-10,-0.0017499465516510604,0.0
2024-10-11,0.005988146615026446,-0.0017499465516510604
2024-10-14,0.00817840117315427,0.0
2024-10-15,-0.007769767135678229,0.0
2024-10-16,0.0043464371945425295,-0.007769767135678229
2024-10-17,8.600349890541814e-05,-0.0034571007460070247
2024-10-18,0.003846556360044495,-0.0033713945698619074
2024-10-21,-0.0016424056842447854,0.0
2024-10-22,-0.000531107844529144,-0.0016424056842447854
2024-10-23,-0.009137361442768999,-0.0021726412342311097
2024-10-24,0.002162663215278915,-0.011290150468757476
2024-10-25,-0.00034540013052763996,-0.009151904046592385
2024-10-28,0.003091450291027975,-0.009494143108267683
2024-10-29,0.0016184206240155152,-0.006432043488714956
2024-10-30,-0.0030252079193149317,-0.004824032616536189
2024-10-31,-0.019603101890180663,-0.007834646834176562
2024-11-01,0.004220307241705523,-0.027284165344193312
2024-11-04,-0.0021537739486519047,-0.023179005663073737
2024-11-05,0.012091813620813241,-0.02528285727317292
2024-11-06,0.024865513828021824,-0.013496759250308465
2024-11-07,0.00773235086794033,0.0
2024-11-08,0.004331564055692683,0.0
2024-11-11,0.0009529553830236459,0.0
2024-11-12,-0.003106540640482547,0.0
2024-11-13,0.00048582421637055617,-0.003106540640482547
2024-11-14,-0.006430071676556404,-0.0026222256567843827
2024-11-15,-0.012808663965106049,-0.009035436234415495
2024-11-18,0.004097457137459903,-0.021728368333016834
2024-11-19,0.0036554208946959488,-0.0177199422534684
2024-11-20,0.000338717051515669,-0.014129295205938641
2024-11-21,0.005368253860828398,-0.013795363987635145
2024-11-22,0.0030995178960133707,-0.00850116714279503
2024-11-25,0.0033921398614391585,-0.005427998766477704
2024-11-26,0.00522128354141449,-0.0020542714360221037
2024-11-27,-0.0030298159925298274,0.0
2024-11-29,0.006212042183450395,-0.0030298159925298274
2024-12-02,0.001792218141985602,0.0
2024-12-03,0.0004639596457520767,0.0
2024-12-04,0.006209419772410518,0.0
2024-12-05,-0.0016455104221654304,0.0
2024-12-06,0.001895564054851917,-0.0016455104221654304
2024-12-09,-0.005149618902517306,0.0
2024-12-10,-0.00310917266864974,-0.005149618902517306
2024-12-11,0.007730670035946519,-0.008242780516821369
2024-12-12,-0.005152483135239305,-0.0005758326972291616
2024-12-13,-0.00019859473046135445,-0.00572534886420728
2024-12-16,0.004270014744608863,-0.005922806570554107
2024-12-17,-0.0041201367115223375,-0.0016780822973310183
2024-12-18,-0.029803482541052806,-0.005791305080375175
2024-12-19,-0.00030706341716957297,-0.03542218656157503
2024-12-20,0.012011113932080208,-0.03571837312109538
2024-12-23,0.005988128598219955,-0.024136276638041076
2024-12-24,0.011115071527136644,-0.018292679168211978
2024-12-26,6.65501538725799e-05,-0.0073809320784529175
2024-12-27,-0.010526436712376186,-0.0073148731267458356
2024-12-30,-0.011411681658586303,-0.017764310290094287
2024-12-31,-0.0036380710711456654,-0.02897327129476568
