period,stream,sessions,annualized_alpha,alpha_tstat_hac,market_beta,beta_tstat_hac,r_squared,correlation
locked_2021_2024,total_net,1005,-0.01840080305589536,-1.5943174539672722,0.1720114610008326,19.70379681893571,0.5352982320314661,0.7316407807329125
locked_2021_2024,long_net,1005,-0.01701654887206416,-1.3412797572108595,0.17503899726187377,17.53932383593461,0.5129398839414697,0.7161982155391569
locked_2021_2024,short_net,1005,-0.001384254183831159,-0.6193243127314169,-0.0030275362610408907,-1.8093757639781138,0.018624708543144464,-0.13647237282008848
2021,total_net,252,-0.01740784170979914,-0.8586399044275973,0.1401452142348087,9.966191765088398,0.4084414082215654,0.6390942091910746
2021,long_net,252,-0.011299645937878583,-0.5631388614067014,0.13142199884979322,9.783765102715352,0.392951141128314,0.6268581507233625
2021,short_net,252,-0.006108195771919662,-2.1496102426913115,0.00872321538501426,4.211335366031688,0.1109401660335595,0.3330768170160746
2022,total_net,251,-0.05999078441260916,-2.25094793738154,0.18788882711493704,15.296497245723202,0.6567337353469809,0.8103911002392497
2022,long_net,251,-0.05786276981921933,-1.8302505197723122,0.1960723025633572,13.81225246454714,0.6242174508350091,0.7900743324744891
2022,short_net,251,-0.0021280145933895846,-0.30218698961888535,-0.008183475448419264,-3.444170333529286,0.11901238628497346,-0.34498171876923184
2023,total_net,250,0.012540686033047766,0.48012965135264407,0.17914628748471448,7.441837116164928,0.3841788654890935,0.6198216400619564
2023,long_net,250,0.015302427500805417,0.5274569502716019,0.1788599343058693,6.682377855745905,0.35896259870526326,0.5991348752203156
2023,short_net,250,-0.0027617414677577074,-0.6398343710252786,0.00028635317884543324,0.08350903962312271,0.00015555849809345546,0.012472309252651456
2024,total_net,252,0.009170393700700948,0.6187326648102791,0.1350239020320792,9.887277666691785,0.4973628838532791,0.7052395932257908
2024,long_net,252,0.009170393700797546,0.6187326648097853,0.13502390203296924,9.887277666769268,0.49736288385452443,0.7052395932266737
2024,short_net,252,-9.691991787709621e-14,-0.13583427489576697,-8.899373729969691e-13,-0.9577370518889703,0.02309946705329491,-0.15198508825965457
