regime,stream,sessions,arithmetic_contribution,annualized_arithmetic_expectancy,annualized_volatility,sharpe,positive_session_rate
all_locked_sessions,total_net,1005,0.023114412056334036,0.005795852575319579,0.038754049164167366,0.14955476138164472,0.5174129353233831
all_locked_sessions,long_net,1005,0.03033339983737049,0.007605986824892899,0.04028646747870862,0.18879756158597572,0.5164179104477612
all_locked_sessions,short_gross,1005,-0.002490186882564698,-0.000624405069060999,0.0036649303967609247,-0.1703729679594597,0.41890547263681593
all_locked_sessions,short_borrow_free,1005,-0.0026518460876491685,-0.0006649405115299407,0.0036641993862292473,-0.18146952210868017,0.417910447761194
all_locked_sessions,short_net,1005,-0.007218987781036055,-0.0018101342495732196,0.0036568084901116337,-0.4950038413190078,0.40696517412935324
spy_up_sessions,total_net,543,0.6661839489704735,0.309168241511159,0.03172275297450905,9.745946127676637,0.7495395948434622
spy_up_sessions,long_net,543,0.67288360551475,0.3122774743825359,0.0332752888238684,9.384666081652128,0.7384898710865562
spy_up_sessions,short_gross,543,-0.004382444705151314,-0.0020338417416171845,0.0033094720468657413,-0.6145517208835012,0.39226519337016574
spy_up_sessions,short_borrow_free,543,-0.004422648335476928,-0.0020524997800003423,0.0033089300170586955,-0.6202910818358157,0.39226519337016574
spy_up_sessions,short_net,543,-0.006699656544275832,-0.0031092328713766292,0.0033080595287420743,-0.9398962879482852,0.3756906077348066
spy_down_sessions,total_net,460,-0.6414731154183492,-0.35141570670744343,0.033971145308117574,-10.344535149466124,0.24347826086956523
spy_down_sessions,long_net,460,-0.6406273210211995,-0.3509523584724832,0.03593529512154953,-9.766230033325245,0.2543478260869565
spy_down_sessions,short_gross,460,0.0015595930121796429,0.0008543857371071088,0.004045472664730912,0.2111955284127322,0.45
spy_down_sessions,short_borrow_free,460,0.0014381374374207861,0.0007878492048479089,0.004044613295261771,0.19478974807575977,0.44782608695652176
spy_down_sessions,short_net,460,-0.0008457943971497501,-0.0004633482349602979,0.004031122208324529,-0.11494274075924904,0.4434782608695652
prior_spy_drawdown_le_minus_10pct,total_net,288,0.017450748332839064,0.015269404791234181,0.052519889891312815,0.29073565886816255,0.5208333333333334
prior_spy_drawdown_le_minus_10pct,long_net,288,0.023892112740966125,0.02090559864834536,0.056552460750071205,0.36966735613390683,0.5069444444444444
prior_spy_drawdown_le_minus_10pct,short_gross,288,-0.004331207402434721,-0.003789806477130381,0.005912988777629075,-0.6409290833543533,0.4965277777777778
prior_spy_drawdown_le_minus_10pct,short_borrow_free,288,-0.004408844690867759,-0.0038577391045092895,0.005911636664327821,-0.6525670171490371,0.4965277777777778
prior_spy_drawdown_le_minus_10pct,short_net,288,-0.006441364408126753,-0.005636193857110909,0.005896268102904798,-0.9558917197700417,0.4965277777777778
calendar_2022,total_net,251,-0.09194606053396139,-0.09231237950023215,0.05620716285349838,-1.6423597067306261,0.4541832669322709
calendar_2022,long_net,251,-0.09122866729877922,-0.09159212812467078,0.06016357958215245,-1.5223849505098532,0.44621513944223107
calendar_2022,short_gross,251,0.0014774300890011388,0.0014833162646545298,0.005768827719343213,0.2571261158798146,0.5059760956175299
calendar_2022,short_borrow_free,251,0.001432086100118587,0.0014377916224298164,0.005768195058855815,0.24926196284267443,0.5059760956175299
calendar_2022,short_net,251,-0.0007173932351820626,-0.000720251375561274,0.005750784240247098,-0.12524402680952024,0.50199203187251
